;Adipocyte - omental;Adipocyte - perirenal;Adipocyte - subcutaneous;Alveolar Epithelial Cells;Amniotic Epithelial Cells;amniotic membrane cells;Anulus Pulposus Cell;Astrocyte - cerebellum;Astrocyte - cerebral cortex;Basophils;Bronchial Epithelial Cell;Cardiac Myocyte;CD133+ stem cells - adult bone marrow derived;CD133+ stem cells - cord blood derived;CD14+ monocyte derived endothelial progenitor cells;CD14+ Monocytes;CD14+ CD16- Monocytes;CD14+ CD16+ Monocytes;CD14- CD16+ Monocytes;CD19+ B Cells;CD34 cells differentiated to erythrocyte lineage;CD34+ Progenitors;CD34+ stem cells - adult bone marrow derived;CD4+ T Cells;CD4+CD25+CD45RA- memory regulatory T cells;CD4+CD25+CD45RA+ naive regulatory T cells;CD4+CD25-CD45RA- memory conventional T cells;CD4+CD25-CD45RA+ naive conventional T cells;CD8+ T Cells;Chondrocyte;chorionic membrane cells;Ciliary Epithelial Cells;common myeloid progenitor CMP;Corneal Epithelial Cells;Dendritic Cells - monocyte immature derived;Dendritic Cells - plasmacytoid;Endothelial Cells - Aortic;Endothelial Cells - Artery;Endothelial Cells - Lymphatic;Endothelial Cells - Microvascular;Endothelial Cells - Thoracic;Endothelial Cells - Umbilical vein;Endothelial Cells - Vein;Eosinophils;Esophageal Epithelial Cells;Fibroblast - Aortic Adventitial;Fibroblast - Cardiac;Fibroblast - Choroid Plexus;Fibroblast - Conjunctival;Fibroblast - Dermal;Fibroblast - Gingival;Fibroblast - Lung;Fibroblast - Lymphatic;Fibroblast - Mammary;Fibroblast - Periodontal Ligament;Fibroblast - Pulmonary Artery;Fibroblast - skin;Fibroblast - Villous Mesenchymal;gamma delta positive T cells;Gingival epithelial cells;granulocyte macrophage progenitor;Hair Follicle Dermal Papilla Cells;Hair Follicle Outer Root Sheath Cells;Hepatic Sinusoidal Endothelial Cells;Hepatic Stellate Cells (lipocyte);Hepatocyte;immature langerhans cells;Intestinal epithelial cells (polarized);Iris Pigment Epithelial Cells;Keratinocyte - epidermal;Keratinocyte - oral;Keratocytes;Lens Epithelial Cells;Macrophage - monocyte derived;Mallassez-derived cells;Mammary Epithelial Cell;Mast cell;mature adipocyte;Melanocyte;Meningeal Cells;mesenchymal precursor cell - adipose;mesenchymal precursor cell - bone marrow;mesenchymal precursor cell - cardiac;Mesenchymal stem cells - adipose;Mesenchymal Stem Cells - amniotic membrane;Mesenchymal Stem Cells - bone marrow;Mesenchymal stem cells - hepatic;Mesenchymal stem cells - umbilical;Mesenchymal Stem Cells - Vertebral;Mesenchymal Stem Cells - Wharton Jelly;Mesothelial Cells;migratory langerhans cells;Multipotent Cord Blood Unrestricted Somatic Stem Cells;Myoblast;nasal epithelial cells;Natural Killer Cells;Neural stem cells;Neurons;Neutrophil;Nucleus Pulposus Cell;Olfactory epithelial cells;Oligodendrocyte - precursors;Osteoblast;Pancreatic stromal cells;Pericytes;Perineurial Cells;Placental Epithelial Cells;Preadipocyte - breast;Preadipocyte - omental;Preadipocyte - perirenal;Preadipocyte - subcutaneous;Preadipocyte - visceral;promyelocytes;Prostate Epithelial Cells;Prostate Stromal Cells;Renal Cortical Epithelial Cells;Renal Epithelial Cells;Renal Glomerular Endothelial Cells;Renal Mesangial Cells;Renal Proximal Tubular Epithelial Cell;Retinal Pigment Epithelial Cells;salivary acinar cells;Schwann Cells;Sebocyte;Sertoli Cells;Skeletal Muscle Cells;Skeletal muscle cells differentiated into Myotubes;Skeletal Muscle Satellite Cells;Small Airway Epithelial Cells;Smooth muscle cells - airway;Smooth Muscle Cells - Aortic;Smooth Muscle Cells - Bladder;Smooth Muscle Cells - Brachiocephalic;Smooth Muscle Cells - Brain Vascular;Smooth Muscle Cells - Bronchial;Smooth Muscle Cells - Carotid;Smooth Muscle Cells - Colonic;Smooth Muscle Cells - Coronary Artery;Smooth Muscle Cells - Esophageal;Smooth Muscle Cells - Internal Thoracic Artery;Smooth Muscle Cells - Intestinal;Smooth Muscle Cells - Prostate;Smooth Muscle Cells - Pulmonary Artery;Smooth Muscle Cells - Subclavian Artery;Smooth Muscle Cells - Tracheal;Smooth Muscle Cells - Umbilical artery;Smooth Muscle Cells - Umbilical Vein;Smooth Muscle Cells - Uterine;Synoviocyte;tenocyte;Trabecular Meshwork Cells;Tracheal Epithelial Cells;Urothelial cells;tpm.Adipocyte%20-%20breast%2c%20donor2.CNhs11969.11327-117E4;tpm.Adipocyte%20-%20breast%2c%20donor1.CNhs11051.11376-118A8
chr10:100027943..100027958,-;11.25303255;27.04249425;0.805843626;3.457532249;0.248658443;1.269394785;12.16159302;1.88698482;13.38326827;0.310669933;0.170957846;3.461211613;0;0;0;0.012204414;0;0;0;0;0;0;0.131692042;0;0;0;0;0;0;5.310871058;25.2090524;8.052126682;1.247333332;0;0;0.517800179;0.571444283;0.069664989;0.08613892;0.081354019;0.36766308;0.1046097;0;0;0;32.94644121;1.810840386;1.07958426;0.526877256;4.872159507;4.17406865;7.785164455;9.437584134;1.633517741;3.400708477;0.680593099;42.27518324;22.57344956;0;0;0;160.0791143;16.42805278;0.467472579;3.618563922;4.420076515;0;0.491953754;0.857839051;0;0;0.636121445;4.004486972;0;0;0;0.214694943;2.142896538;0.896675231;0.584052411;118.7796491;49.6907125;95.05152855;0.975575161;7.339715827;2.957254493;1.200992918;0.406966204;2.136588323;4.136694904;23.62647457;0;0;4.616935558;0;0.071875858;0.381141936;0.11167751;0;6.053980451;2.910840291;3.383088869;8.43671193;93.22611832;3.747343201;2.264902464;0.302390293;5.265247637;18.41856617;71.24067189;97.46190114;19.31671568;1.272142435;0.240792954;17.16095713;0.077015337;0.437369305;0.053978979;18.1958936;0.970123937;3.149046766;0.195050268;5.465262299;8.234759468;117.5958388;4.089405934;17.29996418;0.404041153;0;11.27876105;7.579544411;1.244186209;21.00951294;1.415569048;4.096528665;33.42453595;2.245770195;8.459190427;2.001834558;172.0610779;1.029331799;14.7803553;66.38139973;52.48238027;2.957820252;1.425010344;1.198530808;71.45253204;30.4025906;29.00055375;0.359780871;0.446868184;0;1.498703667;1.090070276
chr10:100174900..100174956,-;5.445159596;4.361692621;3.267902659;3.654434138;14.75639757;2.532008277;15.37545689;8.064439716;7.88386878;1.574903755;4.496628735;8.802514884;6.459209665;9.596285742;1.673853847;0.281744724;0.351861588;0.141286529;0.066305559;0.610139651;2.099865613;5.926919828;2.602415076;3.094778916;2.031914338;4.529752952;2.49764911;3.602639802;4.945126544;8.747752884;3.00140725;10.77241576;21.65722313;4.789101119;0.110011415;0.787962024;1.979190266;2.845619063;2.030426457;4.043999226;2.39301795;3.953849261;3.52057525;0.439268058;3.29601996;12.06180274;5.676578581;5.578680788;6.261524954;3.832788082;10.24269836;7.327995624;11.46574308;6.468363831;7.56580687;1.814914931;9.935539885;17.59886328;7.683340964;2.616403535;7.033632508;15.82455025;14.44182529;6.037955677;10.03976513;9.631518161;0;3.197699402;4.289195257;1.103046749;5.833072045;6.249369822;6.559655582;0.263232112;4.896779272;1.549683665;2.815832935;28.55528962;4.280608006;5.545834086;6.423392664;8.425001146;8.110943924;10.6921063;3.941715554;9.020185769;15.01375788;10.87402209;9.347573912;8.53193324;16.70813013;0.054521798;8.738407485;6.919925543;1.221532487;4.870477962;2.429361639;1.005097592;2.058671029;11.22132978;9.129570103;6.766177739;5.672002055;23.28480868;13.12138986;6.104539352;3.227776206;6.280110254;5.641978344;10.38926465;4.815335548;6.68314068;0.636071217;2.795673263;16.03935173;2.778382575;6.080787205;2.783473272;13.4555805;6.517048074;6.942673719;5.694968754;12.51018484;5.130398715;27.22100893;5.476304149;7.325719612;7.983808443;3.560930275;11.26103232;6.780439755;9.953489669;6.485246197;11.71235993;9.401673714;10.8574228;10.5707073;9.646333592;11.76289155;16.75882192;2.058663597;10.19343829;11.43474437;7.564918617;6.120006906;5.441019587;4.281248815;9.439144337;7.355960472;14.0630363;8.329995542;2.762578654;7.373756006;5.994814669;4.90531624
chr12:109548967..109549024,+;0.717488699;0.872338524;0.732944548;0.081911312;3.24044349;1.742515824;0.950229141;0.486727484;0.998116846;0.804066666;0.290534018;0.266187807;0.587200879;0;2.980270021;0.586707977;1.316236065;1.054964377;2.515899507;1.643585619;0.219259877;0.560508563;0.724536578;3.133620337;2.21944505;3.534436853;2.597078331;3.818091232;2.979819847;0.89300053;0.649342074;0.485513886;2.494666664;0.121431763;1.56398869;1.477407025;0.587391307;0.139833145;0.355766263;0.550408513;0;0.029766576;0.061067248;0;0.145364684;0.234487916;0.326697866;0.535474711;1.958809352;0.023408468;0.600527778;1.757058032;0;2.981117297;0.484653964;0;0.567575657;0.069100722;0.743117861;0.604219859;1.703287841;0.460449738;0;0;0.548765348;9.012270063;1.997551692;4.550572226;0;0.1767696;0.277765335;0.276169132;0.232846336;1.07654509;0.159246451;0.156583661;3.024467042;2.221610279;3.125010264;0.244520174;0;0.296603741;0.264225425;0.975575161;0.265938117;0.27790205;1.14107991;2.494277862;0.26707354;0.129271716;0.200959585;0.569237345;0;0.26516331;0.181915613;2.043327007;0.381141936;0.268485006;0.623436936;0.543425329;0.520036471;0;0.275286268;0.608185301;0.440716404;0.409985035;1.665269523;0.264383951;0.374136054;0;0.138703088;0.293948759;3.381644629;0.680788869;0.329061492;0.302615144;1.115582224;0;1.707937367;0.788259267;0.938173436;1.149304185;0.087789509;0.099323968;0;0.234556427;0.373674276;0.757683078;0.055094972;0.799291884;0;1.244186209;0;0.063543398;0.127948896;0.367717296;0.559251148;0.207813646;0.641604425;0;0;0.544530099;0.428483888;0;0.60448194;0.121151495;0.178802505;0;1.216519518;0.968529812;0.116644907;0.511016259;0.44420312;2.355105763;0.181678379
chr12:109554241..109554255,+;1.755713868;0;5.205631106;0;0;0;0;0;0;0;0;0;0;0;0;0;0;0;0;0;0;0;0;0;0;0;0;0;0;0;0;0;0;0;0;0;0;0;0;0;0;0;0;0;0;0;0;0;0;0;0;0;0;0;0;0;0;0;0;0;0;0;0;0;0;1.632753441;0;0;0;0;0;0;0;0;0;0;0;2.131236758;0.285120743;0;0;0;0;0;0;0;0;0;0;0;0;0;0;0;0;0;0;0;0;0;0;0;0;0;0;0;0;0;0;0;0;0;0;0.080572966;0;0;0;0;0;0;0;0;0;0;0;0;0;0;0;0;0;0;0;0;0;0;0;0;0;0;0;0;0;0;0;0;0;0;0;0;0;0;0;19.26904715;0.181678379
chr12:109568972..109568988,+;4.338951293;0;3.703212039;0;0;0;0;0;0;0;0;0;0;0;0;0;0;0;0;0;0;0;0;0;0;0;0;0;0;0;0;0;0;0;0;0;0;0;0;0;0;0;0;0;0;0;0;0;0;0;0;0;0;0;0;0;0;0;0;0;0;0;0;0;0;0;0;0;0;0;0;0;0;0;0;0;0;27.26869908;0.285120743;0;0;0;0;0;0;0;0;0;0;0;0;0;0;0;0;0;0;0;0;0;0;0;0;0;0;0;0;0;0;0;0;0;0;0;0;0;0;0;0;0;0;0;0;0;0;0;0;0;0;0;0;0;0;0;0;0;0;0;0;0;0;0;0;0;0;0;0;0;0;0;0;0;0;7.279417812;1.090070276
chr12:109569139..109569148,+;0.626867673;0.872338524;4.610280339;0;0;0;0;0;0;0;0;0;0;0;0;0;0;0;0;0;0;0;0;0;0;0;0;0;0;0;0;0;0;0;0;0;0;0;0;0;0;0;0;0;0;0;0;0;0;0;0.007948137;0;0;0;0;0;0;0;0;0;0;0;0;0;0;26.15965049;0;0;0;0;0;0;0;0;0;0;0;53.62423527;0;0;0;0;0;0;0;0;0;0;0;0;0;0;0;0;0;0;0;0;0;0;0;0;0;0;0;0;0;0;0;0;0;0;0;0;0;0;0;0;0;0;0;0;0;0;0;0.051258715;0;0;0;0;0;0;0;0;0;0;0;0;0;0;0;0;0;0;0;0;0;0;0;0;0;0;0;4.496111002;0.181678379
chr5:41870631..41870644,-;0.657787219;0.872338524;0.870618761;0.081911312;0.861385839;2.251051654;3.224017132;0.972667343;2.329858713;1.321158096;1.030492853;4.028396272;6.165609226;0;0.074638491;0.258242217;0.275121611;0.281058959;0.60221485;4.231519792;7.324250856;3.103587055;3.788564835;2.636115249;3.41957328;2.079467854;1.95041225;1.695008046;2.674293052;2.044360197;0.502196347;2.619642124;3.741999996;0.492216206;0.539407738;2.021234076;0.876639003;0.554281165;1.409228218;0.244062058;0;2.385023316;1.437803643;2.171136997;8.668873352;2.900679702;1.759478153;3.069009252;2.690544878;2.705550066;2.707991843;1.799149859;0.792064592;0.350039516;3.213757175;3.402965495;1.056365007;1.478684962;1.499604914;1.094664132;0.85164392;0.735912087;3.223130078;0.467472579;0.767468202;0.327609072;10.18551902;0.368965316;2.745084965;2.166656859;2.222122684;1.104676527;1.357941785;0.683968666;2.465295212;2.570936306;1.584937872;8.200190821;1.575826149;0.894465355;0.752828085;3.526377014;1.440984782;2.454301052;1.693080612;1.761367896;0.78432593;1.40156001;5.341470807;0.646358579;0.566513617;1.102452562;3.615175422;2.157737714;2.214852811;3.448126968;1.905709682;1.140487548;1.989601777;1.956558017;3.357408074;0.563848145;2.392556907;2.606508434;0.481546126;2.777079057;0.604780587;1.289367469;1.02664337;1.484180664;1.928479262;1.465974448;6.763289257;1.173190985;1.705076403;1.309260731;1.788934172;0.93351469;0.605406287;1.55436947;2.41676973;2.943906363;4.410003011;1.28208168;0.803419649;2.170913988;1.115282565;3.7547348;1.89306497;1.615794455;2.00202537;0;1.734437706;2.623282554;3.679409696;0.473785045;2.074308015;0.550415613;2.113031615;1.553475072;1.029331799;1.88566412;2.519142959;0.847227423;2.042331933;0.61456597;0.868392532;2.243915814;1.389061086;2.339114846;0.826360498;0.960052785;0.509642294;1.712804191;1.271748655
chr5:41904412..41904426,+;1.91285804;0;1.067029254;0.081911312;0.072813791;0.485730424;0.536997747;0.377686901;0.993954467;0.206421498;0.35161142;1.37355989;0;0;1.660402236;0.415010966;0.248227428;0.211622415;0.415697028;0.793503197;0.919215081;0.560508563;0.493960331;0.217594839;0.320948803;0.258417246;0.149309936;0.216233873;0.273523754;0.737762997;0.812284206;1.130539013;0;0.123594814;2.05568358;0.079496875;0.186166329;0.83294112;0.751191177;0.081354019;1.361636568;0.717651518;0.49962363;0;0;0.678673543;0.686552972;0.691149558;1.608711067;1.236222755;1.424594663;1.677602208;0.782465882;1.097507278;1.418893559;1.134321832;0.952288074;0.486089996;0.289733012;1.141961644;4.558809543;0.735912087;0.464367928;0.713524398;0.551821838;0;0.611874869;0.614942193;0.857839051;1.185353656;1.111061342;0.706597242;1.624075539;1.561568727;1.724834919;1.598879672;1.091504905;1.162194744;1.181803695;1.021002364;0.66838018;1.751031403;1.171848595;0.081434046;2.103826835;0.490393348;0.642716626;1.520776716;0.801220621;2.326890884;0.701838143;1.572483588;0.359437283;0.889994746;1.448635599;0.071875858;0.635236561;1.421936334;0;0.773793189;0.589075348;0.563848145;0.481964446;2.085206747;0.501841273;1.18237509;0.605272105;0.528767902;1.880338133;1.484180664;0.838081137;0.973211512;0;1.08487709;0.941190322;1.144337647;0.598125897;0.573840676;0.180630958;0.958176782;0.59971965;0.677426583;0.260102292;0.581491629;0;1.028468574;0.549883145;1.158481287;1.156803071;1.13207451;0.364101693;0;0.754346331;1.006254784;1.581643053;0.473785045;1.921788526;0.342601967;0.714326781;0.432132456;1.235198158;1.45633031;0.103580332;0.36729662;1.387574801;0.171879089;2.192944978;0.993539315;0.815229782;0.422265736;0;0.352814413;0.559837787;0.642301572;1.816783793
chr5:41904431..41904469,+;20.92392407;13.95741639;14.66714065;5.192899819;13.79768977;18.57615807;15.24559858;8.782711291;21.15505502;6.685371766;5.56752526;13.82444875;10.27601538;9.596285742;38.31066266;16.27349809;14.79373299;13.57905052;12.20380907;18.0550825;31.56976234;9.791711605;14.62564842;14.14054816;14.27796348;14.64254156;16.21299939;14.83718788;16.29203194;15.92502904;17.98882297;17.64200107;4.989333329;2.33316011;27.78002102;6.002500774;9.070848839;10.23722181;27.52698334;13.07775668;11.03310034;17.7583691;7.662908626;15.1586929;3.586749329;17.96861589;17.05536446;13.07891614;30.38596358;18.48718354;19.54691912;16.13177134;11.35055073;12.85509883;24.12911806;16.22080219;23.89555322;13.94371506;13.37865842;16.3904026;0.85164392;11.58818637;16.89242071;7.548971903;9.271065614;9.93249167;6.870323835;18.8172311;19.73029818;13.03967962;19.16580815;15.54071534;18.8454706;26.15777964;15.94523114;18.22625685;26.30178243;21.2004884;20.28701699;16.82092409;18.35587572;23.29643316;18.87124118;8.311336734;23.34609854;11.77000121;28.20712466;9.842498469;17.09270658;29.60322291;18.28758335;29.16449729;24.73586814;19.27808772;26.49912899;5.33916925;37.76605725;18.37066024;7.490132311;19.75785478;16.86877586;24.24547023;10.433579;32.84200627;7.553381036;25.76910169;13.01565589;22.65960474;24.55273897;10.38926465;11.2726739;14.10908477;1.272142435;19.50032947;15.53022631;16.88385014;11.75569578;7.7738546;6.930121686;11.60185557;13.23031676;13.09132886;12.3054565;8.868473399;14.52625896;13.53693866;10.50352678;22.73714144;17.99024694;16.38690084;8.792477267;19.90697934;12.06471672;22.84170202;17.49058619;7.550066388;23.65194563;6.128550631;19.06428521;10.05472566;17.29277422;21.95353735;12.22832355;10.6491616;17.64082842;7.285719853;20.1629998;18.01648266;16.87250845;11.96936245;8.179770774;5.318869382;10.25885693;23.76515815;26.52504337
chr5:41919113..41919131,+;0.913460532;0.872338524;0.844332927;0.163822624;1.17442029;0.565311919;0.55897924;0.327121749;0.262417065;0;0.142782109;0.085241708;0.880801318;0;0.257241538;0.230659711;0.178519914;0.13977243;0.12719361;0.223167971;0.240347664;0;0.263384085;0.33582345;0.375121412;0.379685237;0.147346379;0.476498826;0.130827816;0.188165046;0.345077041;0.408565688;0;0;0.120304359;0;0;0.366824056;0.460324584;0.484183336;0.772734054;0.1046097;0;0;0;0.437131051;0.173711143;0.731850772;0.175395108;0.238763032;0.441962732;0.612171285;0.239539381;0;0.4742365;0.340296549;0.194347767;0;0.289733012;0.181830747;0;0.643240938;0.232183964;0.246051818;0.34527071;0.327609072;0;0.122988439;0.17156781;0.210279258;0.555530671;0.359952314;0.598020405;0.575237799;0.103252408;0.24720559;0.172549678;0.062672474;0.241331896;0.061823123;0.483444893;0.420249275;0.626098598;0.211325688;0.132969058;0.169993038;0.439818967;0;0.26707354;0.129271716;0.357159814;0.04428828;0;0.233505086;0.130698714;0.11465687;0;0.324323761;0.069069252;0.353059352;0.94398602;0;0.221408533;0.260650843;0;0.146255809;0.100796764;1.057535805;0.534083329;0;0.213396936;1.198448122;0;0.463326212;0.307778927;0.038507669;0.070367753;0.127570279;0;0.074624918;0.244033796;0.125978214;0.26173541;0;1.896214273;0.598762014;0.029677345;0.354249012;0.152877588;0.861397924;0.077008395;0;0.165240317;0;0;0.106067749;0.420752061;0.280838971;0.128320885;0.873923504;0.20586636;1.044295002;0.051790166;0.44229265;0.192925178;0.140847801;0.226606289;0.34604829;0.250503388;0.556624902;0;0.427118025;0.05743085;0.642301572;0.908391896
chr5:41925325..41925416,+;7.565370672;4.361692621;13.87157627;1.543181384;5.183423571;7.59503952;4.980758219;4.291922279;6.306446815;4.144060481;4.3876388;13.69668425;21.43283207;9.596285742;6.53658852;2.424071517;4.803267289;9.848111929;13.61615825;13.54488814;14.02870665;7.047936954;22.56688913;13.1585471;12.72776357;14.11965498;13.28085952;15.15722898;11.88029984;9.898006387;3.604941824;5.921751296;22.90455646;3.84640959;4.215198339;4.995068275;3.937926744;4.438797569;6.302158731;3.170346389;3.642430838;6.036246388;4.031284527;6.920444362;3.005290592;5.822248015;6.780380699;5.409905409;8.721899989;6.835285538;7.801975431;3.014462529;4.12307005;4.528611329;7.296630625;5.331312609;8.559381282;6.984608575;15.62138119;4.188504747;30.3189007;7.022609819;8.149648501;5.5559263;7.951701342;11.62785072;7.954373295;5.90344505;3.431356206;8.435966888;9.258844516;8.14801714;5.078684219;8.547219617;5.78795681;12.75910658;7.504676182;11.3401996;4.793123607;4.050583631;8.838627563;7.586840552;7.602336554;11.92886214;5.791443322;5.005434341;6.013145486;4.979746218;10.95001515;6.722129219;5.086142781;3.119588197;4.119177592;5.951356194;6.41031687;6.793625895;5.397837944;3.466566032;0;6.67448482;7.09375029;5.074633304;6.297080273;8.514594218;4.02066162;6.9233375;6.003284694;6.518097161;7.52350624;5.936722658;10.35333976;8.712506025;16.55438241;5.250839165;8.06773129;3.268089857;4.683733971;4.783488454;3.47404385;4.352925445;3.954500889;7.764191967;2.774968816;6.031487691;8.098901768;5.88452463;8.151595698;10.10676982;3.858036956;7.868117831;3.883172804;9.953489669;4.431931403;6.846696337;8.078092456;4.582268656;7.754126699;2.657004864;6.082453075;3.359537104;7.205322591;6.893978216;5.605503004;4.116660229;4.367983049;4.706631472;4.191421622;5.446519846;8.149174636;9.979296855;3.935364783;8.495195666;3.025189971;6.208915193;7.993848688
chr5:42175342..42175364,-;7.637130979;0;0.174123752;0;0;0;0;0;0;0;0;0;0;0;0;0;0;0;0;0;0;0;0;0;0;0;0;0;0;0;0;0;0;0;0;0;0;0;0;0;0;0;0;0;0;0;0;0;0;0;0;0;0;0;0;0;0;0;0;0;0;0;0;0;0;0;0.112486946;0;0;0;0;0;0;0;0;0;0;104.0510099;0;0;0;0;0;0;0;0;0;0;0;0;0;0;0;0;0;0;0;0;0;0;0;0;0;0;0;0;0;0;0;0;0;0;0;0;0;0;0;0;0;0;0;0;0;0;0;0;0;0;0;0;0;0;0;0;0;0;0;0;0;0;0;0;0;0;0;0;0;0;0;0;0;0.223434092;0;32.11507858;1.453427034
chr5:42175384..42175396,-;3.14237099;0;1.018456679;0;0;0;0;0;0;0;0;0;0;0;0;0;0;0;0;0;0;0;0;0;0;0;0;0;0;0;0;0;0;0;0;0;0;0;0;0;0;0;0;0;0;0;0;0;0;0;0;0;0;0;0;0;0;0;0;0;0;0;0;0;0;0;0;0;0;0;0;0;0;0;0;0;0;58.16986583;0;0;0;0;0;0;0;0;0;0;0;0;0;0;0;0;0;0;0;0;0;0;0;0;0;0;0;0;0;0;0;0;0;0;0;0;0;0;0;0;0;0;0;0;0;0;0;0;0;0;0;0;0;0;0;0;0;0;0;0;0;0;0;0;0;0;0;0;0;0;0;0;0;0;0;29.97407334;1.090070276
chr5:42235423..42235437,-;0.140954404;0;0.261185628;0;0;0;0;0;0;0;0;0;0;0;0;0;0;0;0;0;0;0;0;0;0;0;0;0;0;0;0;0;0;0;0;0;0;0;0;0;0;0;0;0;0;0;0;0;0;0;0;0;0;0;0;0;0;0;0;0;0;0;0;0;0;0;0;0;0;0;0;0;0;0;0;0;0;1.650345339;0;0;0;0;0;0;0;0;0;0;0;0;0;0;0;0;0;0;0;0;0;0;0;0;0;0;0;0;0;0;0;0;0;0;0;0;0;0;0;0;0;0;0;0;0;0;0;0;0;0;0;0;0;0;0;0;0;0;0;0;0;0;0;0;0;0;0;0;0;0;0;0;0;0;0;0.214100524;0.363356759
chr5:42423535..42423601,+;10.92660041;7.851046717;13.21145037;0.245733937;0.233549907;0.846268541;1.756741087;1.501222805;0.715658121;0;0.819421059;3.113445548;0.293600439;0;0;0.046569193;0;0;0;0;0;0;0.230576246;0.025781018;0.073844632;0;0.042169949;0;0;3.100773608;0.605133695;1.404405034;0;1.391817717;0;0;1.412597241;0.789865406;1.388182568;4.581450649;1.215212922;0.852881163;0.30533624;0;0;1.885520105;2.188797538;3.089048457;2.163667622;5.069793669;1.644402918;1.995425505;3.219161557;1.050118548;2.60713557;1.247754015;1.398699859;0.869721379;0;1.161142206;0;1.410775471;9.464651688;1.451679852;0.68748493;25.28029354;0;0.122988439;1.715678103;1.96244388;1.666592013;0.874163605;1.647799969;0;0.365751268;0.919095396;0.023036457;61.29842831;2.925123317;2.392933684;0.766909804;2.37878218;0.780386059;5.623141354;0.132969058;3.109198168;4.23482371;0.197987968;2.670735403;0.90490201;5.202904209;0;7.589788127;4.417171958;1.490671705;0;4.238949426;0.369440448;0;1.749832627;1.147843667;1.12769629;1.650036547;1.042603374;0.877290624;4.665466565;0.857420851;3.512216839;4.709286473;7.420903322;1.157369377;0.685970257;0;2.003537645;0.821403276;0.038507669;0;1.290997961;0;0.084958758;0.682382374;5.446935646;0.521837701;1.096150283;4.306473221;1.762514547;1.173107394;3.509460909;2.169441824;3.32001689;1.224595219;14.9302345;4.377873051;3.840875967;0.469867285;0.685920544;4.989067241;1.393706277;2.083082887;1.365056106;3.087995396;2.351209639;2.283627375;1.469186481;2.815219341;0.778460642;1.116933896;1.339587605;2.815892292;4.18781736;0.466579627;1.761380467;0.617268637;5.566613621;7.812170309
chr5:42423806..42423824,+;0.955761282;0;4.557628239;0.081911312;0;0.376546176;0;0.150080936;0.087472355;0.309632247;1.33934886;0.351429515;0;0;0;0.015523064;0;0;0;0;0;0;0;0;0;0;0;0;0;0.213204189;0.030532531;0.060789868;0;0;0;0;0.049690602;0.069664989;0;1.085688182;0;0;0.061067248;0;0;0.118222794;0.074320285;0.393868545;0.350790216;0.888559973;0.091043928;0.079455824;0.239539381;0;0.222062447;0.226864366;0.022389355;0;0;0;0;0;1.393103784;0;0.069359791;12.15238976;0;0.122988439;0.17156781;0.033509657;0.092588445;0;0.116423168;0;0.055994043;0.157647067;0;27.08337059;1.110343227;0.146676572;0.049751601;0.146990302;0.036963787;2.325344102;0;0.339986077;0.949080554;0;0;0;0.735162473;0;0;0.272960402;1.332817128;0;0;0;0;0.327177311;0;0;0.076186745;0.173767229;0;0.401172185;0;0.248107808;0.448657229;0;0.19789033;0.038736793;0;0.070980146;0.081979621;0;0;0;0;0;0.064112531;0.539282474;0;0;0.803419649;0.374922794;0.05935469;0.36320176;0.067438521;0.312852788;0.174259318;1.244186209;0.321161636;0.725723757;0;0.261649547;0.452306918;0;0.470509911;0.077044799;0.617599079;0.448624638;0;0;0.411507687;0;0.080553464;0;0.61077174;0.740232511;0;0.12829615;0;2.783306811;1.090070276
chr5:42423828..42423852,+;3.464567448;3.489354096;11.94589043;0;0;0.791905816;0.165698688;0.123121058;0;0.774080617;1.33934886;0.340966832;0;0;0;0;0;0;0;0;0;0;0;0;0;0;0;0;0;0.456068328;0.10633372;0.029278262;0;0;0;0;0.049690602;0;0.111573538;1.647630425;0;0.029766576;0.244268992;0;0.145364684;0.563170783;0.138349824;0.050452476;0.701580433;0.981056745;0.079223406;0.158911648;0.303387121;0.233359677;0.184857588;0.567160916;0.106067981;0.680449245;0;0;0;0;4.409377488;0;0;29.73102549;0.386900977;0;0;0.033509657;0.370353781;0;0.039136231;0;0.047258366;0.09687798;0;101.7936416;1.232571944;0.135161409;0.099503202;0.52745001;0.114474762;4.113626331;0.132969058;0.343398686;1.997572523;0.135655401;0.26707354;0.129271716;1.205283564;0;2.082366321;0.831315786;3.571730976;0;0.381141936;0.11167751;0;0.786450668;0;0;0.221408533;0.086883614;0.114381141;0.869893928;0.554784798;0.669097949;0.534083329;0;0.059187242;0.077473586;0;0.030693663;0.131124415;0;0;0;0;0;0;0.943216089;0.086156391;0.191421846;0;0.448972623;0.05935469;0.483154155;0;0.043373776;0.307335825;2.488372417;0.212948612;0.496211159;0;0;0.902511267;0;0.342189027;0;0.823465439;0.225129906;0.051790166;0;0.874477261;0;0;0.177380532;0.90067088;1.511036362;0;0.032074038;0;5.138412573;2.180140551
chr5:42423855..42423869,+;1.344356372;0;3.553414791;0;0;0;0.331397376;0;0.045624808;0;0;0.21310427;0;0;0;0.029830675;0;0;0;0;0;0;0;0;0;0;0;0;0;0.028969304;0.177678259;0;0;0;0;0;0;0;0;0.081354019;0;0;0.061067248;0;0;0;0.092979764;0;0.263092662;0.195211082;0.031726691;0.079455824;0;0;0.028056019;0.113432183;0.011194678;0;0;0.064420284;0;0.460449738;0.464367928;0;0;6.505826212;0;0;0;0;0;0;0;0;0;0;0;29.81146469;0.052383736;0;0;0;0;0.894141115;0;0.04249826;0.213782645;0;0;0;0.099972991;0;0;0.096520871;0;0;0;0;0.069069252;0;0;0.563848145;0;0;0;0;0;0;0.04271305;0;0;0;0;0;0.081979621;0.038507669;0;0;0.167229925;0;0;0.230419887;0;0;0;0;0;0.112554522;0.055094972;0.111601334;0.217483248;0;0.082620158;0;0;0;0.342210459;0.067394161;0.042773628;0;0.20586636;0.132494791;0;0;0.437263168;0;0;0;0.391241811;0.298267397;0;0;0;1.498703667;0.181678379
chr6:114292266..114292283,-;1.057763512;0.872338524;0.174123752;0.163822624;0.555022141;0.881683332;1.425343711;1.864829231;4.992821023;0.389148298;0.735655447;1.856515416;3.523205272;0;0.719860215;0.954798488;0.548175829;0.846122532;1.117970638;0.812770104;0.83067293;0.941110924;2.272954626;0.957845174;0.920692659;0.753922364;0.718156802;0.988037538;1.059915669;0.94564431;0.726203541;6.615839308;0;1.14679114;1.424305148;3.705460505;0.920193264;1.893879487;3.034781896;0.818961391;2.76068103;1.681668622;2.754165153;0.439268058;0;2.055556098;2.186196203;2.282388585;1.842340568;1.807907244;1.394779919;1.78053334;0.303387121;0.233359677;1.530949726;2.382075846;1.547573185;0.729134995;0.378243526;2.265178655;4.984631504;0.950325733;1.315003187;0.246051818;1.038868619;0.393859938;4.395611028;4.427583788;3.602924016;1.77653423;1.944357348;1.401682282;3.420828499;0.83109823;1.525267984;2.07288428;1.123760344;0.49110858;1.8735379;2.597126846;0.674923648;0.632997048;1.663169318;1.204015387;1.970857777;0.878593995;0.925935233;0.802942141;2.136588323;2.585434315;2.488144012;1.831901093;4.334049988;2.285514157;0.664443318;2.284427069;13.07918186;15.26279929;0.332042261;1.147360159;0.614432608;2.25539258;2.690579137;0.78195253;0.326335262;2.188540055;1.361404673;0.949758044;1.241398381;1.484180664;1.490877953;1.641113191;0.636071217;4.503923428;1.431275311;2.855397912;1.090700165;1.63822443;1.034599642;1.287003247;2.939960519;0.998455065;1.663101321;1.397708818;0;2.859023902;2.95124222;1.856778119;1.094893991;1.337181479;0.643010278;0;1.847398177;2.653062939;0.983826872;1.004123792;1.539254357;0.898648744;0.556057168;1.999459151;3.499728116;1.18807038;0.569691823;1.615897327;1.09098083;0.9635796;1.497766143;1.800985324;0.874608054;0.700322619;0.379473174;0.810922304;0.896414564;1.070502619;1.453427034
chr6:114292284..114292359,-;51.07239686;57.57434259;41.38576255;36.16013967;28.81946467;54.79092538;55.28543647;42.98719151;138.0110771;14.34343591;56.60926274;80.21312486;42.86566414;86.36657168;45.42705026;26.89489431;29.26035458;25.571127;24.68899828;25.99315138;70.93595608;21.98457371;63.73562477;35.45594082;35.42500153;37.94776515;30.46967345;41.7996016;25.91168662;60.45058391;64.72869747;143.0643815;27.44133331;24.103003;42.9413078;42.06678053;62.23804674;66.8590444;101.1120255;62.46198221;84.18418817;100.9120174;83.03654683;21.64690059;40.40424651;76.77095264;77.00485258;74.71898719;54.5235489;85.58725716;83.66261377;97.24581978;18.99951791;29.12737817;94.0193716;87.68307758;65.9266839;43.14068701;32.98369736;88.00146788;21.0857572;58.75759159;41.36881163;53.72441092;46.37445801;42.52602828;32.44297471;99.37465834;104.4847965;69.02020298;100.8288168;50.23276189;115.7744654;47.17522758;65.0819988;70.13214556;42.73928935;21.61998033;63.56207679;86.0845656;70.43518943;56.69025351;78.51508652;58.3843508;69.01279982;47.28717987;53.46887376;49.62904495;68.37082633;93.33417878;60.68659618;46.71063129;77.83067959;78.9011388;53.99454522;31.11932011;221.9231728;192.8963643;29.42465413;72.37601299;56.24971067;106.5672994;77.48262375;54.21537543;24.44859432;84.90252863;46.96760272;65.34331953;66.57326179;43.04123927;71.62329841;101.0996058;33.97833016;96.58702452;71.46030877;92.15307743;77.52468913;54.12200047;24.86142;36.34621365;99.62806025;63.35497363;94.27874912;57.02548921;59.8412857;82.00872988;93.01556285;90.5180061;67.27617197;59.17573007;40.97608251;59.72093802;77.51600572;86.528757;43.9505791;51.1561894;81.15386766;60.54267001;49.66047;58.20546317;107.6681061;67.8547584;48.6630494;60.04053923;54.069207;52.47368941;74.56255115;71.6947857;57.153483;52.41538016;36.85794481;51.92196714;36.15094919;57.3789404;60.13554354
chr6:114292476..114292491,-;0.093969603;0.872338524;0.210573291;0.314511701;0.321472234;0.489129098;0.930278299;0.859858709;1.941899009;3.494809939;0.308583674;0.085241708;10.56961582;0;5.236929219;4.269950566;5.260849944;3.2400559;3.729237389;3.573904817;0.45960754;1.121017126;5.732059011;0.399864372;0.535898562;0.285628017;0.610428616;0.197581854;0.2548927;0.693322612;0.705950486;1.638631129;16.6678898;0.247189629;18.98227881;4.048112501;0.877790098;1.041936087;1.351343766;0.766038971;1.324228675;1.09170736;1.071746337;1.29260088;0;0.565719235;0.530056017;0.741602034;0.467950932;1.032867686;1.291741518;1.757058032;0.239539381;3.097797135;1.536937201;0.907457465;0.575075066;0.243044998;0.579466024;1.132589328;8.391207185;0.735912087;0;0.246051818;0.622709874;0.750125855;3.797342825;0.491953754;1.029406862;0.603475658;1.111061342;0.083783182;0.35025503;4.762487419;0.159246451;0.156583661;2.163649204;0.136004451;0.319176911;1.46386362;0.581974517;1.016079892;0.684677266;0.081434046;0.653006243;0.408809438;0.450710611;0.539453454;0.801220621;1.034173726;0.300425775;1.743522653;0.359437283;1.636216213;0.384684303;0.571384507;1.28593583;1.477761791;4.999830907;0.330312163;0.635781537;0;0.880163494;1.042603374;0.420421257;0.342435477;0.857420851;0.636545663;1.056978618;0;1.084412687;0.884307792;6.562000716;0.737653977;0.685521156;1.402998917;1.361869358;0.354941748;1.2152306;1.405926292;1.056618421;0.069072055;1.046941638;0.624795343;0.803419649;0.707779112;1.167041788;0.579730318;0.801482364;0.719849282;0.483636263;0;0.684522605;0.438735773;0.811785675;0.735434592;0.860088237;0.488652617;0.671553153;0.474847887;1.441064518;0.784945713;0.480274054;0.73459324;0.410517292;0.575550265;0.830359906;1.587712014;0.310824675;0.834681784;0.602916836;0.523340137;0.43774073;0.428201048;0.545035138
chr6:114292651..114292667,+;0.093969603;0;0.421146582;0.081911312;0;0.395952908;0.061883176;0.445687131;0.392122083;0;0.261357321;0.085241708;0.587200879;0;0.085858523;0.036396223;0.053575196;0.0708681;0.095004248;0.203762858;0.109629938;0.280254281;0.428344654;0.022621064;0;0.030913456;0.043475015;0.027406317;0.064908384;0.07228783;0.136866251;0.314030871;0;0.492216206;0.124669283;0.123819167;0;0.139329978;0.427874749;0.387700474;0;0.223676005;0;0;0.290729368;0.090279607;0.447387783;0.100904952;0.175395108;0.239757655;0.218620134;0;0.239539381;0;0.237805106;0;0.282935794;0;0;0.160021816;0;0;0.593123705;0;0.138719582;0;0.112486946;0.737930631;0;0.106676514;0.18517689;0.108602768;0.155066636;0.205546564;0.047258366;0.157647067;0.048449044;0;0.04233193;0.257451107;0.049751601;0;0.096069317;0.292759734;0;0.482326086;0;0.539453454;0;0;0.167128453;0.119475234;0.694122107;0.350257629;0.172734819;0;0;0.055838755;0;0.221740513;0.281055986;0;0.420508057;0.086883614;0.326335262;0.224962061;0;0;0.28899307;0;0.138703088;0.054751437;0;0.58702681;0.23620856;0.489707281;0.748580672;0.053978979;0.180630958;0.084958758;0.618458816;0;0.258469174;0.7060805;1.896214273;0.346405919;0.767575228;0.30925469;0.345067655;0.224999331;0;0;0.185324219;0;0.127948896;0;0.44705212;1.01138919;0;0.08123783;0;0.092635114;0;0.146150295;0.630139271;0.249334964;0.095607568;0;0;0;0;0.255508129;0.222488043;0.214100524;0.181678379
chr6:114317080..114317129,+;0.712804648;0.872338524;0;0.547112091;0.321472234;0.181968396;0.247532706;0.254565843;0.529381625;0;0;0;0;0;0;0;0;0;0;0;0;0;0;0.006090293;0;0;0;0.027406317;0;0.501365959;0.258996376;0.898546262;0;0;0.168201717;0;0.314439852;0.069664989;1.193289961;0.215630458;0;0.500661534;0;0;0;0.874262102;0.293719121;0.485022235;0.292555824;1.009478038;1.618302287;0;0;0.116679839;1.582024342;0.453728733;0.943126222;1.271382794;0;0;0;0.735912087;0.464367928;0;0.490029038;0;0;2.705745648;0;0;0;0.083783182;0.597527641;0;0;0;0;0.54312155;0;1.223531535;0.077904437;1.265024658;0.618778901;0.292759734;1.438981544;0.546419452;0.236927966;0.205810084;0;0.517086863;0.323835483;0;1.652621529;3.273710384;0;0;0;0.055838755;0;0;1.366064095;1.12769629;0.213829879;1.042603374;0.763564681;0.646103789;0.554784798;0.636545663;0.908502499;0;0.526699738;0.027375719;0;0.617108779;0.591310322;0.572168823;0.774045279;0.312418321;0.347860883;0.862884185;0.16334826;0;0.523470819;0.099323968;0.803419649;2.152345071;4.033787718;1.099196674;0;1.018631364;0.427568151;0;0.41911825;1.364550619;0.597816181;0.106067749;1.214219778;0.067394161;0.470509911;1.040104786;0.20586636;0.442984344;0;0.146150295;0.26989717;0.606581552;0.689590026;0.23069886;2.047537542;0.69047293;0;0;0.215252686;0.642301572;0.545035138
chr6:11532480..11532521,+;1.724918835;0;0;0;0;0;0;0;0;0.051605374;0;0;0;0;0;0;0;0;0;0;0;0;0;0;0;0;0;0;0;0;0.030532531;0;0;0;0;0;0;0;0;0;0;0;0;0;0;0;0;0;0;0;0;0;0;0;0;0;0;0;0;0;0;0;0;0;0;0;0;0;0;0;0;0;0;0;0;0;0;29.9944024;0;0;0;0;0;0;0;0;0;0;0;0;0;0;0;0;0;0;0;0;0;0;0;0;0;0;0;0;0;0;0;0;0;0;0;0;0;0;0;0;0;0;0;0;0;0;0;0;0;0;0;0;0;0;0;0;0;0;0;0;0;0;0;0;0;0;0;0;0;0;0;0;0;0;0;11.34732777;1.090070276
chr6:11537910..11537953,+;1.247038193;0.872338524;1.799973801;0;0;0.376546176;0.413231394;1.050192373;3.671080689;3.767127099;0.035695527;0.308808661;2.642403954;0;4.505180914;3.701380816;9.773036004;5.06990758;5.664276393;0.257736515;0;3.103587055;1.811341444;0.129533496;0.0924541;0.027864416;0.124924921;0.236338499;0.664216053;0.655641988;0.513536101;1.917768893;1.247333332;0;1.267193937;2.068422085;0.298143611;0.462575151;1.649225576;0;0.735326161;1.216997292;0.183201744;5.634874874;0;0.084420341;0.258573239;0.252262379;0.643346041;0.474829408;1.274316632;0.850538758;0;0;1.150381109;0.226864366;0.296025803;0.312145721;0.920138889;0;6.687919345;0.428827292;0;0.246051818;0.138719582;2.157292482;0.112486946;0.737930631;0.857839051;0.073166857;0;0.468555082;1.683979622;2.733169039;0;0;1.813396857;2.697169911;0.901785171;0.32204655;0.469373776;0.696131383;0.150594606;0.894141115;1.970857777;0.127494779;0.309101308;0.271310803;0;2.326890884;1.182887458;0.402515863;1.987306353;1.223650164;0.207359087;1.05738432;5.555810673;6.175075341;15.67141616;0.434853679;1.266385864;0;0.496694801;0.695068916;0.577583498;0.43993935;0;0.404713998;1.10088143;0;0.154209694;0.569759879;3.816427304;0.383679192;0.832276587;0.880230172;0.57810481;0.502124348;0.347860883;0.660483767;2.595359544;0.814442624;0.26173541;0.198647937;0;0.763297191;0.953560108;0.197781149;0.088814232;0.963162868;0;0;0.225745045;1.254360364;0.683836779;0;0.321523774;0.134788321;0.171094513;0.73192559;0.411732719;0.537989405;0.051790166;0.476089038;0.051314662;0.178335526;0.146052825;0.523428822;0.991965627;0.536414387;0;0.446868184;0;2.997407334;0.363356759
chr6:116381918..116381977,-;0.336926237;0;0;0.314511701;0;0.820064462;0;0;0;0.051605374;0.666073501;0.308808661;0;0;0.492377044;0;0;0;0;0;0;0;0;0;0;0;0;0;0;0.347083683;0.831476983;0;0;0.490053154;0;0;0;0;0;0;0;0;0;0;0;0.250712571;0.23612146;0;0.087697554;0.026978824;0.060230203;0;0;0.116679839;0;0.113432183;0.023547989;0.173944276;0;2.79924079;0;0;0;0;0;17.25836255;0;5.534479734;0;1.206870053;0.833296006;0;0;0;2.730929893;0.568755775;0.046781463;0.348595296;0.145918211;0;0.099503202;0.504105242;0.226210068;0;0;0;0.095318662;0;0;0;1.093335889;0.04428828;0;0.236126519;0;0;0;0;0;0;0.081278069;1.691544435;0;0;0;0.048751936;0;0;0.342611044;0;0;0.027375719;0;2.833306228;0.640205952;2.25561383;3.799861313;0;1.021198608;1.351294326;0;0.746498638;0;0.507432563;0;0;0.118709381;0.028408876;1.764938258;0.355489711;0.217483248;0;0.190833182;0.548926029;0.213969494;0;0;0;0.042773628;0.517563317;0;0.94270288;0.310740995;0;0;0.050727594;0;0.523428822;0.065345249;0;0;0.907144417;1.026519944;0.642301572;0.181678379
chr6:116381992..116382006,-;0;0;0;1.043295667;0;0;0;0;0.045624808;0;0.053544126;0;0;0;0.074638491;0;0;0;0;0;0;0;0;0;0;0;0;0;0;0.097326974;0.228463844;0;0;0.247189629;0;0;0;0;0;0;0;0;0;0;0;0.042210171;0.079112156;0;0;0;0.031600441;0;0;0;0;0;0;0;0;1.324798899;0;0;0;0;0.069359791;2.345285275;0;2.090803455;0;0.182917142;0.277765335;0;0;0.078001422;1.601422269;0.029852841;0;0;0.090420351;0;0;0.146990302;0;0;0;0;0.118463983;0;0;0;1.127167021;0;0;0.227321399;0.042036105;0.06567692;0;0;0;0;0;1.12769629;0;0;0;0.048751936;0;0;0;0;0;0;0;0.695452291;0.382714827;0.423584354;0.492574268;0.053978979;0;0.254876273;0;0.195050268;0;0.099323968;0;0;0.05935469;0;0.547446996;0.077586149;0;0;0.095416591;0.105459808;0;0;0;0.067394161;0;1.291419216;0;0.659892016;0.310740995;0.329938743;0;0.128183469;0;0;0.109764964;0;0;0.064148075;0.38677227;0.214100524;0.181678379
chr6:72088507..72088517,-;0;0;0;0;0;0;0.061883176;0.041040353;0.365383584;0;0;0;0;0;0.074638491;0;0;0;0;0;0;0;0;0.010029773;0.045133977;0;0;0;0;0.028969304;0;0.51032546;0;0;0;0;0.086785125;0;0;0;0.405070974;0.134607473;0;0;0;0.118222794;0;0;0;0.019572416;0.079085881;0;0;0;0.045892763;0.113432183;0.067956238;0;0;0;0;0;0;0;0;0.422516783;0;0;0;0;0;0;0.038643468;0;0;0.09687798;0;0;0;0;0;0;0.037807731;0;0;0;0.095318662;0;0;0;0.167128453;0;0.119812428;0.33264739;0;0;0;0;0;0;0.362661976;0;0;0;0;0;0;0;0;0;0;0;0;0.06683549;0;0.038507669;0.035183876;0;0;0;0.146116193;0.125978214;0;0;0;0.051258715;0;0.112554522;0;0.256573609;0;0;0;0.063543398;0;0;0.441438746;0;0;0;0;0;0;0;0;0;0;0;0;0;0;0;0;0.428201048;0.181678379
chr6:72100551..72100554,-;0.148987031;0;0.297635167;0;0.072813791;0.357139444;0;0.150080936;0.254862541;0;0;0;0;0;0;0;0;0;0;0;0;0;0;0.017535104;0;0.078907968;0;0;0;0.101257134;0;1.46491477;0;0;0;0;0;0;0.934679601;0.134276439;0;0.261213165;0.122134496;0;0;0.138349043;0.29555378;0;0;0.067888998;0.316582213;0;0;0;0.292788405;0;0.134416985;0;0;0.497188221;0;0;0;0;0.490029038;0.196929969;0;0;0.17156781;0;0;0;0.115930405;0;0;0;0;0.48583084;0;0.037377028;0;0.146990302;0.16810138;0;0.520037185;0.064301844;0.095318662;0.205810084;0;0;0.100479792;0;0;0.611858685;0.042036105;0;0;0;0;0.333447014;0.266869489;0;0.06145639;0.173767229;0;0.29368354;0;0;0.27780503;0;0.138703088;0;0;0.164364643;0.169395898;0.077015337;0.070367753;0;0.090315479;0.159583676;0.082003661;0;0;0;0;0.22539644;0;0.352459311;0.03371926;0.029434483;0;0;0.095416591;0.417108786;0;0;0.059957486;0;0;0;0;0.094270288;0;0;0;0.198607369;0;0.11534943;0.070369212;0.123998339;0;0;0;0.428201048;0.363356759
chr6:72113252..72113256,-;0;0;0;0;0;0.201375128;0;0.041040353;0.30842699;0;0;0;0;0;0;0;0;0;0.285012744;0.23002626;0;0;0;0.057993002;0;0.133228345;0.127740165;0;0.072878052;0.097326974;0.030532531;0.732054858;0;0;1.204025659;0.381329941;0;0;0.197712457;0.162708038;0;0.134376276;0.061067248;0;0;0.048069436;0.121842637;0.050452476;0;0.143395218;0.079905469;0.532715461;0;0;0.117109792;0.113432183;0.158452164;0.680449245;0;0.064420284;4.984631504;0.214413646;0;0.246051818;0.559388829;0;0;0;0;0.070093086;0;0;0.038643468;0;0.312446113;0.09687798;0.023036457;0;0;0.073338286;0;0;0.112579249;0;0.265938117;0.066605545;0;0;0;0.129271716;0.167128453;0;0;0.107947423;0;0;0;0;0;0;0.081278069;0;0.221408533;0;0.087753005;0.048751936;0;0;0.266900106;0;0;0;2.745573411;0.13367098;0.098968539;0.52821495;0;0;0;0.703300509;0.082003661;0;0;0;0;0.02567477;0;0.133565525;0.064063356;0.376099928;0;0;0.144394898;0.293055996;0;0.106067749;0.099228287;0.140419485;0;0.16247566;0;0;0;0;0.025657331;0;0;0.11534943;0;0;0;0;0;0.214100524;0.363356759
chr6:72129842..72129883,-;0.6349003;0;0.348247504;1.043295667;0.233549907;0.402750255;0.165698688;0.177040814;0.494318368;0.051605374;0.053544126;0.042620854;0;0;0;0.008228949;0;0;0;0;0;0;0;0;0;0;0;0;0;0.184234885;0;0.875064666;0;0.901764563;0;0;0.666431612;0.627991235;1.330298116;0.660194131;0.588902514;1.137637276;1.083178164;0;0;0.256571837;0.983712591;0.302714855;0.175395108;0.195516452;0.499599809;0;1.398838833;0.233359677;0.61099127;0;0.529192856;0.069100722;0;0.97725367;0;0.521498441;0;0;0.069359791;0.918398979;0;0;0;0;0;0.19238595;0.194695631;0;0.19776914;0.315294135;0;1.392057949;0.034922491;0.257451107;0.049751601;0.314702237;0.303611587;0.081434046;0.785975301;0;0.142977994;0;0;0;0.468061029;0;1.148619358;0.540745145;0.249395192;0;0;0.536970011;0;0.131318838;0.816742271;0;0.137643134;0.695068916;0.316515288;0.166225353;0;0;0.480465355;0;0.19010632;0.066112511;0;0.390116612;0.383178885;0.115523006;0.035183876;1.232286715;0;0.39379227;0.064112531;0.835979165;0.260102292;0.099323968;0;0.117474994;0.189869941;0.26605007;0.257410533;0.215981708;0.38434422;1.244186209;0.190833182;0.459025196;0;0.367717296;0.334494516;0.528367737;0.25664177;0.077044799;0.20586636;0.591665243;0.572136763;0;0;0;0.095607568;0.354761064;0.276452885;0.278056882;0.116644907;0.096222113;0;0.214100524;0.181678379
chr6:72130512..72130519,-;0.482564693;0;0.087061876;0;0;0.600726709;0;0.926657867;0.471654797;0;0.043029417;0;0;0;0;0.007848305;0;0;0;0;0;0;0;0;0;0;0;0;0;0.097326974;0.167398782;0.736178443;0;0;0;0;0.228112111;0.392910162;0.607167805;0;0;0.238985977;0;0;0;0.096138873;0.254996376;0.494773497;0;0;0.264867255;0;1.031603973;0;0.221286787;0.226864366;0.126728358;0.207302167;0;0.346538722;0;0;0.593123705;0;0;0.196929969;0;0;0;0.036583428;0;0;0.154573873;0;0;0.637907726;0.009783159;0.977535763;0.017461245;0.355235488;0;0.23084627;0.075615462;0;0;0.066605545;0.55828295;0.197987968;0.26707354;0.387815147;0.267608245;0;0.119812428;0.489863277;0;0;0.127047312;0;0;0;0.516802133;0;0.06145639;0;0;0.234946832;0.100796764;0.140330047;0.0854261;0;0;0.027375719;0;0.164364643;0.043708138;0.984860768;1.306079173;1.158695415;0.167229925;0.967835895;0.274341255;0.069072055;0.26173541;0.216686749;0;0.085030073;0.07116056;0.184168019;0.03371926;0.368264923;0.15401679;0;0.212948612;1.132004015;0.127948896;0;0.600624518;0;0;0.158282629;0;0;0.051790166;0;0;0;0;0.11534943;0.065345249;0;0;0.032074038;0;0.214100524;0.545035138
chr6:72130522..72130549,-;4.670640368;0.872338524;0.783556885;2.421048753;1.167749537;8.780433217;1.716839403;12.2992995;11.11489187;0.103210749;2.7196583;2.789498178;0;0;0.995974118;0.114422764;0;0;0;0.303481158;0;0;0;0;0;0;0;0;0;1.419300872;1.557680524;17.24229808;0;0.609321865;0;0;3.507922336;2.869692498;10.13166744;3.395338825;4.231333352;9.597883877;5.114808872;0;2.133102488;4.881905732;6.408596711;4.158881455;0.936593796;2.447173158;6.116343096;2.275884804;2.845673827;10.70230322;6.084976389;1.928347114;3.856694995;1.803773601;0;6.005850483;0;7.237023465;3.379331273;4.596350084;3.903570077;2.653174678;0;0;2.058813724;0.874626689;0.555530671;0.660941032;4.460032108;0.600394733;2.426772523;6.612707342;0.207289473;12.28903752;1.413515802;4.012146163;0.497526612;3.402182845;3.832758388;3.15297839;3.953554603;4.969269117;1.580905536;1.788919367;1.869514782;3.748879757;2.10602123;0.04428828;2.921053315;5.921243061;2.212031371;0.042781012;2.57187166;1.812820918;0;1.697832398;6.687422505;0;2.933042073;3.822879037;4.606705824;3.844324574;3.633666617;1.850687658;2.722619039;4.452541993;0.858409742;0.531023086;0;3.903161445;2.618253095;9.094792921;11.64722606;3.091285045;8.082912097;17.74860989;5.59709118;4.146336565;4.826238964;1.717358996;2.699633923;5.488042026;2.396997986;5.580601379;2.538167024;2.909251151;0.602525223;1.244186209;2.663948165;10.94853166;2.349336427;1.633490635;7.100210979;1.820595898;1.805090244;2.017503804;1.852797238;2.070033949;2.636885852;1.319754972;1.607049554;1.515884365;2.140901696;2.085002512;2.417853819;3.438246297;5.000819839;1.60952073;0.704328778;10.06272462;4.723637861
chr6:72313654..72313701,+;1.334310645;0;0;0;0;0.102386901;0;0.404646779;0.091249617;0;0;0;0;0;0;0;0;0;0;0;0;0;0;0.010029773;0.045133977;0;0;0;0;0.657350235;0;0.298677595;0;0;0;0;0;0;0;0;0.405070974;0;0;0;0;1.228758901;0.022451779;0.050452476;0.175395108;0.024908113;0.344371534;0;0;0;0.331527472;0.113432183;7.078096123;0;0;0;0;1.286481876;0;0;0;0;0;0;0;0;0.092588445;0;0.039136231;0;0.312446113;0.127794226;0;0;0;0.024446095;0.077904437;0.273258973;0;0;0;0;0.047659331;0.135655401;0;0.129271716;0.290511153;0;1.867493925;0.059686988;0;0;0;0;0;0;7.201570926;0;0.221408533;0;0;0;0;1.354472042;1.398740314;0;0.118374484;0;0;0.06683549;0;0;0.035183876;0;0;0.084958758;0;0;0;0;8.388276743;0.02567477;0;0;0;0.724058591;0;0;1.407434508;0.571890582;0;0.318203248;0;0.595761898;0;0.81990151;0;0;0;1.315352656;0;0.31880642;0;0;2.025782322;5.035926792;0;0.032074038;0;2.569206287;0.181678379
chr6:7237144..7237148,+;0.046984801;0;0.174123752;0;0.087922326;0.204773801;0;0.29105052;0.171167448;0.748245312;0.24968279;0.266187807;0.587200879;0;1.652415873;1.445890125;1.174753644;0.631554462;0.756180315;0.576337257;0.83067293;1.601967567;0.428344654;0.837267186;0.720592544;0.63223286;0.569824042;1.01849598;0.60700811;0.454968272;0;0.348580875;0;0;0.763029956;1.321916637;0.50545744;0.091706014;0.172277839;0;0;0.485120366;0;0.439268058;0;0.262431103;0.20312787;0.100904952;0;0.236857949;0.381451282;0.079455824;0;0;0.334927346;0.226864366;0.269239795;0.173944276;0.289733012;0.497188221;0;0;0;0.492103636;0.137191337;1.697181679;1.174309598;1.352872824;0;0.140186172;0.18517689;0;0.0777797;0.940126669;0.359704479;0.12673082;1.157770768;0.062672474;0.122169298;0.086269219;0.049751601;0;0.17063321;0.990502381;0.520037185;0.128603687;0.166123314;0;0;0.517086863;0.234283915;0.816255845;0.119812428;0.215894847;0.261397427;1.211634068;0;0.055838755;0;0.040897164;0.809028882;0.563848145;0;0.434418072;0.202134147;0.166225353;0;0.404713998;0.299897994;0;0.169777715;0.038736793;0;0.824286802;0.279916698;0.115523006;0.105551629;0.139025832;0;0.159583676;0.081344599;0.551448369;0;0.099323968;1.896214273;0.303032015;0.118709381;0.480890559;0.504759351;0.441561713;0;1.244186209;0.192103194;0.063543398;0.127948896;0;0.501396231;0.067394161;0.457685011;0.08123783;0;0.090999941;0.051790166;0.183788448;0;0.147879775;0.128357248;0.34604829;0.245479425;0.144208854;0.126491058;0.160370188;0.05743085;0.214100524;0.363356759
chr6:7251744..7251747,+;1.857716098;4.361692621;2.60785719;1.818292444;13.56904358;5.500737492;1.281626516;5.616682552;0.510582767;3.606517881;6.074115691;1.288318182;4.697607029;0;8.186149246;5.369366314;4.376712161;4.218013241;4.898556528;2.031946663;3.664287317;5.245273227;8.563668266;3.100428235;2.379650027;3.173925076;2.615164914;4.21933199;1.642337039;2.566608954;7.359080303;1.46330466;0;15.7095419;5.54972157;5.358015712;1.382204609;2.771908993;2.356756335;4.853310033;2.280794269;0.896250975;0.671739728;3.903005935;3.29601996;0.648181904;1.281824615;2.317076214;0.731043595;1.47006663;0.911920308;1.271293186;1.980162785;2.078334718;0.946712188;2.382075846;1.719785487;0.660034272;1.4110944;2.932196938;0;1.929722815;2.218411453;4.881589757;2.213326098;5.290297633;4.872772142;0.614942193;3.774491827;2.404600056;3.240595581;0.518194255;1.506666845;5.661943646;1.812398159;2.466163856;2.970030423;2.529783291;1.755035861;1.284364774;1.591098857;1.26337096;1.290791987;2.34245864;0.531876233;3.116543688;4.707290976;2.52952894;1.869514782;2.456162599;2.854171989;3.348305148;1.652621529;1.217399271;3.755302412;2.478027186;0.254094624;0.436001271;0.31873826;0.919231869;3.011607117;3.946937014;0.968545625;1.390137831;3.655624353;3.15945362;1.766312047;2.049967036;0.813078121;2.968361329;1.447197317;2.623424662;11.26452413;2.406168345;1.871106768;4.335412166;4.873645699;4.372061211;3.804085672;3.565340905;2.020512924;1.775860888;3.377911495;1.305610941;7.295482119;2.990964185;2.094634957;1.068727469;3.335372228;2.65072792;0.876076584;6.220931043;1.153889173;2.053088413;0.939734571;1.152665936;1.582730296;2.578051405;2.258476328;2.560225306;1.441064518;1.723689839;1.141828586;0.880743535;0.758475;1.417025926;4.392770926;3.35384624;3.340393248;3.851684619;0.719561743;3.237870366;8.470371127;2.355105763;1.271748655
chr6:72596142..72596154,+;0;0;0;0;0;0;0;0;0;0.051605374;0;0;0;0;0;0.013371357;0;0;0;0;0;0;0;0;0;0;0;0;0;0;0;0;0;0;0;0;0;0;0;0;0;0;0;0;0;0.042210171;0;0;0;0;0.040330191;0;0;0;0;0.113432183;0.079943323;0;0;0;0;0;0;0;0;0;0;0;0.17156781;0;0;0;0;0;0;0;0;0;0;0;0;0;0;0;0;0;0;0;0;0;0;0;0;0;0;0;0;0.436001271;0;0;0.078851208;0;0;0;0;0.048751936;0;0.140330047;0.107235947;0;0;0.027375719;0;0;0;0;0;0;0;0;0.081344599;0;0;0;0;0;0;0;0.03371926;0.043373776;0;0;0;0;0;0;0;0;0;0.038522399;0;0;0;0;0;0;0;0;0.305800713;0.268207193;0;0;0;0.856402096;0.181678379
chr6:72596184..72596196,+;0;0;0;0;0;0;0;0;0;0;0;0;0;0;0;0;0;0;0;0;0;0;0;0;0;0;0;0;0;0;0;0;0;0;0;0;0;0;0;0;0;0;0;0;0;0;0;0;0;0;0;0;0;0;0;0;0.275922365;0;0;0;0;0.428827292;0;0;0;0;0;0;0;0;0;0;0;0;0;0;0;0;0;0;0;0;0;0;0;0;0;0;0;0;0;0;0;0;0;0;0;0;0;0;0.194596274;0;0;0;0;0;0;0.404713998;0.43746919;0;0;0;0;0;0;0;0;0;0;0;0;0;0;0;0.803419649;0;0;0;0;0;0;0;0.047708296;0;0;0;0;0;0;0;0;0;0;0;0;0;0;0;0.070369212;0;0;0;0;2.355105763;1.635105413
chr6:72596229..72596272,+;1.196704816;0;0;0;0;0;0;0.041040353;0;0;0;0;0;0;0;0;0;0;0;0;0;0;0;0;0;0;0;0;0;0.297862138;0.030532531;0.163977929;0;0;0;0;0;0;0;0;0;0;0;0;0;0.253261023;0;0;0;0;0.060495287;0;0;0;0.051081299;0;0.778675142;0;0;0;0;0.521498441;0;0;0;0;0;0;0;0;0;0;0;0;0;0;0;0;0;0;0;0.083855967;0;0;0;0;0;0;0;0.129271716;0;0;0.119812428;0.119373975;0;0;0.650699269;0.481117958;0;0;0.673554273;0;0;0;0;0;0;1.197865852;1.503596737;0;0.051403231;0;0;0;0;0;0;0;0;0;0.081344599;0;0;0;0;0;0;0;0;0.045589065;0;0;0;0;0;0;0;0;0;0.077044799;0;0;0;0;0;0;0;0;0.566352025;0.442476251;0;0;0;4.710211526;3.815245965
chr6:72596328..72596391,+;1.33765922;0;0;0;0;0;0;0.041040353;0;0;0;0;0;0;0;0.007848305;0;0;0;0;0;0;0;0;0;0;0;0;0;0.318114379;0.030532531;0.224767796;0;0;0;0;0;0;0;0;0;0;0;0;0;0.211050853;0;0;0;0;0.030517813;0;0;0;0;0;0.476601375;0;0;0;0;1.318104322;0;0;0;0;0;0;0.17156781;0;0;0;0.039136231;0;0;0;0;0.062672474;0;0;0;0;0;0;0.265938117;0;0;0;0;0;0.03332433;0;0.694122107;0.059686988;0;0;1.428445851;1.387515119;0;0;0.613402095;0;0.221408533;0;0;0;0;1.073811948;0.43746919;0;0.110590473;0.038736793;0;0;0;0;0;0;0.090315479;0;0.618458816;0;0;0;0;0.016111786;0;0;0;0.093222956;0;0;0.06177474;0;0;0;0;0;0;0.077044799;0;0;0.051790166;0;0;0;0;0;0.430637564;0.432115425;0;0;0;1.498703667;1.453427034
chr6:72596410..72596454,+;0.957096758;0;0;0;0;0;0;0.104484907;0.041847547;0.051605374;0;0;0;0;0;0.007848305;0;0;0;0;0;0;0;0.004817013;0.021676558;0;0;0;0;0.159057189;0.030532531;0.103188061;0;0;0;0;0;0;0;0;0;0;0;0;0;0.084420341;0;0;0;0;0.020165096;0;0;0;0;0;0.427837728;0;0;0;0;0.214413646;0;0;0;0;0;0;0;0;0;0;0;0;0;0.127794226;0;0;0;0;0;0;0;0;0;0;0;0;0;0;0;0;0.239624855;0.167634411;0;0;0;0.491840026;0;0;0.508827792;0;0.076186745;0;0;0;0;0.917205757;0.224187057;0;0;0.038736793;0;0.080572966;0;0;0;0;0;0.074624918;0.245351922;0;0;0;0;0.02567477;0;0;0;0.041614314;0;0;0.06177474;0;0;0;0;0;0;0.038522399;0;0;0;0;0.218582509;0;0;0;0;0.288417708;0;0;0;1.926904715;1.635105413
chr6:72596473..72596486,+;0.667155322;0;0;0;0;0;0;0.104484907;0;0;0;0;0;0;0;0;0;0;0;0;0;0;0;0;0;0;0;0;0;0;0.061065062;0.163977929;0;0;0;0;0;0;0;0;0;0;0;0;0;0.042210171;0;0;0;0;0;0.079455824;0;0;0;0;0.205830241;0;0;0;0;0;0;0;0;0;0;0;0;0;0;0;0;0;0;0;0;0;0;0;0;0;0;0;0;0;0;0;0;0;0;0;0;0;0;0;0.650699269;0.526247943;0;0;0.168065702;0;0;0;0;0;0;0.124053904;0.383851216;0;0;0;0;0;0;0;0;0.053978979;0;0;0.064112531;0;0;0;0;0;0;0;0;0;0;0;0;0.105459808;0;0;0;0;0;0;0;0;0;0;0;0;0;0;0.065345249;0;0;0;0;0.642301572;1.816783793
chr6:72596604..72596697,+;0.482564693;0;0;0;0;0.098988227;0;0.06800023;0;0.051605374;0;0;0;0;0;0;0;0;0;0;0;0;0;0;0;0;0;0;0;0;0;0.029278262;0;0;0;0;0;0;0;0;0;0;0;0;0;0.084420341;0;0;0;0;0.011889277;0;0;0;0;0;0.18283833;0;0;0;0;0;0;0.246051818;0;0;0;0;0;0;0;0;0;0;0;0;0;0;0;0;0;0.083855967;0;0;0;0;0.047659331;0;0;0;0;0;0;0.119373975;0;0;0;1.24144299;0;0;0.073892601;0;0;0;0;0;0;0.264383951;0.341138166;0;0;0;0;0.040286483;0;0;0;0;0;0;0;0;0;0;0;0;0;0;0;0.041614314;0;0;0;0;0;0;0;0;0;0.077044799;0;0;0;0;0;0;0;0;0.065345249;0;0;0;0;0.856402096;0.545035138
chr6:7287146..7287149,-;1.106083789;1.744677048;0.805843626;1.125206979;0.160736117;0;2.918662553;0.150080936;0.55534989;0.720334635;0.796068107;0.9159633;0.587200879;0;0.365206094;0.382717669;0.390966474;0.423859586;0.620031213;0.246326528;0.219259877;0;0.757805105;0.541904738;0.399223187;0.260384069;0.634565076;0.97454636;0.338461682;0.67812239;0.122130125;0.714468238;0;0;0.180855319;0;0;0.554281165;0.593137372;0.484183336;2.944512571;0.328516901;0.633189954;0;0;0.595015564;1.010347435;0.731850772;0.731043595;0.617404281;0.578460595;2.093497848;0;0;0.56860592;1.474618381;0.500693918;0.833978548;0.490955511;0.193260853;0;0.643240938;2.990946114;0;0.7629577;2.391816472;0.724361815;0.614942193;2.230381534;0.777171487;1.944357348;0.167566363;1.779634939;0.35824864;0.348279914;0.709637117;0.68198851;1.856234942;1.326395312;0.914723361;0.616681423;0.462661978;0.717642402;0.325736184;0.653006243;0.637473894;1.165600579;0.989939841;1.335367702;0.90490201;0.601865152;0.163763514;0;0.714563243;0.564830959;0.735021328;0;0.826872557;0;1.739414717;1.627167502;1.12769629;0.06145639;0.608185301;0.130534105;3.128327384;0.403678577;0.140330047;0.770365072;0;0.778893895;1.43559151;0;0.794896647;0.593132281;1.072768515;0.562942021;0.150481384;0.167229925;0.159583676;0.889974847;0.57298491;0.351158037;0.713306591;1.896214273;0.83308752;0.757624561;0.460960537;0.826233241;0.391151115;0.077008395;0;0.692571591;0.314682984;0.683836779;0.261649547;0.426365435;0.140419485;1.240435221;0.397803088;0.823465439;0.653351322;0.517901658;1.506824633;0.770710318;0.574726187;1.07017356;0.23069886;1.188001375;1.216526491;0.126491058;0.096222113;0.563068982;1.498703667;1.453427034
chr6:7288149..7288162,-;0.924841735;0.872338524;0;0;0;0.181968396;0.47511457;0.150080936;0.319758776;0.051605374;0.107086582;0.532375614;0.587200879;0;1.093052672;0.378500645;0.266021755;0.211172744;0.351318303;0.273007568;0;0;0.131692042;0.295394206;0.293759833;0.376636197;0.209583504;0.251170797;0.401211175;0.356790298;0.334797564;0.467122212;0;0;0.315817546;1.013801577;0.049690602;0.301204148;0.427874749;0.134276439;0.588902514;0.381364033;0.061067248;0;0;0.349399896;0.185405674;0.100904952;0;0.309791063;0.396190395;0.238367472;0;0;0.48759891;0.907457465;0.12459181;0.173944276;0.453384849;0.348596511;0;0.214413646;0.593123705;0;0.275910919;1.858340255;0.337460837;0.737930631;0.343135621;0.204131716;0.740707561;0;0.155559399;0.768610317;0.047258366;0.486028317;0.368303133;0.686531088;0.439038988;0.135161409;0.50407008;0.167711935;0.54764551;0.325736184;0.132969058;0.325007712;0.284587297;0.135655401;0.534147081;0.775630295;0.62527486;0.143098358;0.239624855;0.688080678;0.387505743;0.617353653;0;0.324323761;0;0.330312163;0.547118;0;0;0.521301687;0.267401199;0.214977289;0;1.057535805;0.545271369;0;0.33955543;0.175615386;0;0.153468315;0.296905616;0.077015337;0.070367753;0.204460363;0;0.084958758;0.064112531;0.584022737;0.087789509;0.099323968;0.803419649;0.31684479;0.118709381;0.305201394;0.501320408;0.403160282;0.133076508;0;0.413100792;0.314682984;0;0.106067749;0.44705212;1.472362766;0.171094513;0.680038977;0;0.735440622;0.051790166;1.064531983;0.500862222;0.050727594;0.578928355;0.11534943;0.547881807;0.824320958;0.116644907;0.256592301;0;0.856402096;1.271748655
chr6:7288854..7288903,-;2.508806166;5.234031145;0.595270334;0.081911312;0;0.683706878;0.247532706;0.06800023;0.590115481;0.051605374;0.301970239;4.414877287;0.587200879;0;0.686200121;0.732878992;0.457157756;0.702422562;0.121776103;0.051746634;0.240347664;0.660856643;0.230576246;0.36508931;0.515749656;0.134763422;0.412677496;0.512659442;0.251943956;1.095549094;1.604315358;0.586468603;0;1.148954191;0.3197413;0.473477887;0.049690602;0.231539159;0.348751046;0.296984477;0.36766308;0.247218953;0.438556382;0;0.145364684;2.219457708;0.259044019;1.065515579;0.263092662;0.807820419;0.908579864;1.303798395;0;0;0.381967078;1.247754015;0.692417299;0;0.667976538;0.415645164;2.474822964;0.643240938;0;1.092547008;0.767468202;2.513558399;0.499387923;0.491953754;0.857839051;0.383975087;0.740707561;0.912290577;0.349762267;0.440320975;0.215240494;0.462431527;0.917238076;0.49110858;0.606844603;0.171122667;1.214684815;0.671817177;1.346065204;0.633977064;0.79781435;0.258402167;0.499738633;0.667286739;0.26707354;0.90490201;0.233270313;0.174195153;2.082366321;1.393838801;0.545416887;0.423333697;1.540030454;1.735551325;1.647985385;0.511155512;1.117271281;0;0.641916589;0.868836145;0;0.616149474;0;1.246694282;2.084528634;2.968361329;1.537520601;1.53373331;5.773377303;1.415521578;1.240381955;0.341122812;0.105551629;0.161936937;0;0;0.14545713;0.791238901;0.263368528;0.191421846;0;0.610977731;0.674658131;0.421809212;1.327553649;1.486209569;0.077008395;1.244186209;1.15465069;0.296090002;0.641908482;0;0.819767777;0.348233131;0.171094513;1.014161479;0.823465439;0.877580827;0.103580332;0.8845853;0.025657331;0.249334964;0.435517002;1.916334754;1.559147337;1.619092849;0.126491058;0.38380428;0.1148617;2.141005239;2.725175689
chr6:7289309..7289345,-;0.623519097;6.978708193;0.471758919;0;0;0.505137156;0.413231394;0.191121288;0.365383584;0;0.285564219;0.574996468;0.293600439;0;0.298553966;0.446667768;0.382272002;0.352459273;0.095004248;0.077587313;0.130717726;0;0.395076127;0.369929036;0.284405982;0.585748928;0.137950321;0.588041599;0.369349704;0.444687762;1.776476688;0.570310273;0;0.121431763;0.301159678;0.19066497;0.301843774;0.069664989;0.434889966;0.081354019;0.405070974;0.284293721;0;0;0;0.794347885;0.390564317;1.16642053;0.263092662;0.44887875;0.342358001;0.850538758;0;0;0.444595697;0.680593099;0.345314124;0;0.415814188;0.224442101;0;0.214413646;0.954063446;0;1.177588201;0.524539041;0.112486946;0.368965316;0.686271241;0.341244117;0.370353781;0.251349545;0.675800104;0.501307291;0.103252408;0.179117045;0.133197568;0.081968158;0.213180244;0.146676572;0.589502165;0.293980605;1.169690729;0.292759734;0.531876233;0.151602064;1.164231889;0.395975936;0.534147081;0.129271716;0.300425775;0.098810078;0.479249711;0.96104108;0.336288844;0.453716833;0;1.320980892;0.568407268;0.672386523;1.015935749;1.12769629;0.122912779;0.695068916;0.087753005;0.381202642;0;0.933481901;0.920314069;2.968361329;0.889484368;1.189210042;0;0.371856918;1.199824456;0.192538343;0.070367753;0.474355259;0;0.51123393;0.14545713;0.4348408;0.702316074;0.216686749;0;0.199409498;0.118709381;0.845780387;0.633979395;1.390137904;0.077008395;0;0.591137541;0.229512598;0.427938988;0.106067749;0.44705212;0;0.171094513;0.568664809;0.823465439;0.909430264;0.532064219;0;0.076971992;0.178911063;0.274410074;0.754127681;0.600723815;1.783001081;0;0.032074038;0.390776432;1.284603143;0.545035138
chr6:7289738..7289759,-;1.574596327;0.872338524;2.790104885;0;0.087922326;0.277557949;0.061883176;0;0.137259542;0.231153882;0.220585543;0.042620854;0;0;1.074180307;0.669354863;0.403582561;0.77676853;0.227615366;0.086498745;0.219259877;0;0.098884204;0.347606361;0.373653701;0.237204933;0.503700089;0.415402986;0.158167822;0.602755399;1.077857788;0.309564183;0;0;0.03323949;0.079496875;0;0.139329978;0;0.162708038;0.18383154;0.14883288;0.316421887;0;0;2.362141292;0.355816082;0.590244606;0.175395108;0.319765438;0.483272158;0.612171285;0;0;0.194792274;0.453728733;0.288772509;0.173944276;0.289733012;0.939328474;0;0.643240938;0;0;0.069359791;0.750125855;0;0.491953754;0.514703431;0.606549429;0.092588445;0.167566363;0.039136231;0.049543721;1.264566919;0.217352749;1.051829356;0.221227025;0.669256726;0.122230476;0.489998963;1.393916464;1.571682397;0.081434046;0.265938117;0;0.238296656;0;0.26707354;0.775630295;0.568540821;0.525147185;0.239624855;0.635652611;0.177325216;0.288791723;0.381141936;0.055838755;2.532581664;0.379836673;0.628358153;0;0.137643134;1.650788675;0;0.30249639;0.101042524;1.197865852;1.933956107;0;0.581064981;0.654417611;0;1.732679531;1.016375386;0.26955368;0.246287134;0.096502405;0;0;0.226801729;0.447006696;0;0.415334685;4.595848196;0.410450069;0.385805488;0.319997139;0.453039544;1.308747336;0.15401679;0;0.624017877;0.440432215;0;0;0.38148126;0;0.25664177;1.904369699;0.20586636;0.778570646;0.310740995;0.847227423;0;0.217351232;0.223964817;0.700809354;0.973495409;0.144208854;0;0.523340137;0.05743085;1.284603143;1.453427034
chr7:112063192..112063237,+;1.520914374;0;0.087061876;0.081911312;0.160736117;0.638096066;0.764579611;0.537292636;1.280575571;0.572912784;0.245766361;0.394050369;0;0;0.182603047;0.681072028;0;0;0.066305559;0.453659685;1.332456045;1.221365206;0.922304986;0.023152665;0.021348553;0.082838439;0;0;0.139223614;0.22656386;0.197931313;3.647553338;0;0;0.244973642;0;0.186166329;0.487654922;0.600152589;0.134276439;1.324228675;0.411361805;0.888544593;20.02287622;0;1.273689106;0.832637035;2.251438633;0.292555824;0.21856467;0.903774074;0.532715461;0;0;0.278242974;0.794025282;0.845249328;0;3.315681221;0.72837427;0;0.857654584;2.579351194;0.492103636;0.138719582;0;0;1.106895947;3.259788396;0.073166857;0;0.335132727;3.542379787;0.198174883;1.45628927;0.156583661;0.02941913;0;0.35480314;0.660163016;0.255312075;0.52745001;0.888111428;0.292759734;0.398907175;0.339986077;0.166123314;0.205810084;0.26707354;1.163445442;1.40674995;0.13286484;0.958499422;0.392334377;0.3380578;0;1.143425809;0;22.46129389;1.13951002;0.884607837;0;0.947090521;0.434418072;0.130534105;1.347428521;0;1.149037422;1.067883542;1.484180664;0.110590473;0.282587684;0;2.181907513;0.503894046;0.533661155;0.437369305;0.204460363;0.090315479;0.234208594;0.698296316;0.898475826;0.175579018;0.415334685;0;0.28186795;0.261030501;0.422890194;0.119158328;3.977929293;0.482292898;1.244186209;0.533348732;1.048171194;0.427938988;0.106067749;0.321523774;0.336970803;0.171094513;1.053956408;0.411732719;0.04549997;0.310740995;0.626081098;0.244288915;0.599549578;0.193856609;0.408079392;0.511884385;0.45232594;0.359780871;0.064148075;0;1.712804191;1.998462172
chr7:112090503..112090524,+;89.05944314;110.7869926;54.42140625;23.39629274;15.00980306;135.234065;19.06072971;16.5907613;31.60632301;212.3191935;32.80147083;35.59648524;51.38007688;38.38514297;20.42670433;226.6099554;126.2079861;108.1470383;86.32404566;132.8992669;47.04055497;155.8501942;34.88401095;94.28848622;72.00871232;84.09476553;69.40561191;67.66756595;131.5106345;87.80796754;124.1505126;30.28137908;77.44500272;11.85962012;27.30413795;260.1549832;19.25530251;19.74741565;49.22529944;19.94898289;15.81592831;24.44071128;26.52687195;854.0220152;29.74763535;48.61748715;40.96360475;45.93571468;41.72247373;34.99707782;50.02347154;21.54783744;12.78778962;12.06024233;45.53930559;22.79986882;59.35366779;19.34177571;48.00141106;29.41841046;81.72312855;30.05071981;42.9434442;13.6314484;15.78920925;57.50678173;584.9329312;63.09306897;32.25474834;37.98439929;26.8506491;48.48312028;26.92719737;19.31193907;32.28220856;68.44779358;62.6828025;285.4742211;25.0799043;30.37619902;39.30912812;53.46311731;38.7819184;28.74747137;59.35341476;16.54169087;26.80726025;33.0964696;15.49026534;44.21092679;23.70250679;79.67329181;124.0764333;31.08145561;195.3716505;286.5119196;69.60393332;64.7638678;639.653037;27.93348974;44.02748588;51.31018118;36.50798793;35.70916555;17.98054106;26.69651353;52.8523734;157.8808411;129.0634409;68.27231056;27.03273376;21.3576863;39.31692479;76.21509093;53.02401913;23.64562966;16.3642037;20.65966841;9.911458769;24.15704798;37.07642881;50.23405123;37.0927266;19.71054145;52.83517855;39.92783866;33.32899289;30.61268384;94.37067288;81.0704703;29.02932903;23.63953796;36.89601384;34.24375054;47.18392555;199.7624681;32.5172205;15.77613476;21.63507372;30.63725961;38.08527655;49.96411958;125.8958786;26.86252069;15.48111123;30.41509183;30.41489031;32.38743079;45.18530293;49.77755582;37.98119287;59.498058;14.93852646;89.92222003;149.8846629
chr7:112090761..112090784,+;0.32889361;0;0.174123752;0;0;0.417314207;0.061883176;0;0;0.927793819;0.142061655;0;0;0;0.354320092;1.723350413;0.410615023;0.494645144;0.248969713;0.609184742;0.392153177;0;0;0.273666768;0.092627544;0.24088216;0.06806514;0.168707338;0.488385242;0.63073515;1.259238317;0.060789868;0;0;0.110011415;0.867458899;0;0;0.118588754;0.378338497;0;0.029766576;0;14.78389421;0;0.250712571;0.063563037;0.050452476;0.117160716;0.073224695;0.325845279;0.612171285;0;0;0.415677617;0;0.290527635;0;0.126081175;0.155335658;0.42582196;0;0;0;0.069359791;0.72146901;6.39316272;0.122988439;0;0.036583428;0.092588445;0.359952314;0.078272463;0.127545142;0.094516731;0.09687798;0.425747006;3.995577152;0.017461245;0.024446095;0;0;0.283365357;0;0.132969058;0;0.047659331;0.135655401;0;0;0.03332433;0.504482029;0.599062139;0.224699966;0.417539614;1.810825132;0;0.055838755;8.80107953;0;0.18941463;0;0.282864922;0.347534458;0;0.058736708;0.101042524;1.149037422;1.142970949;0;0.280368188;0.200460528;0;1.08487709;0.470595161;0;0;0.053978979;0;0;0.081344599;0.596188633;0;0.191421846;0;0.391817922;0.089032036;0.14836127;0.89373554;0.597943849;0.077008395;1.244186209;0.143124887;0;0.855877976;0.106067749;0;0;0.042773628;0.196805028;0;0.408764961;0.103580332;0.146150295;0;0.190622951;0;0.177380532;0.180134176;0;0;0.032074038;0;1.070502619;1.453427034
chr7:112100318..112100321,+;0;0;0;0;0;0.595883928;0;0;0.224731897;1.138431296;0.053544126;0;0;0;0.2796816;1.215768155;0.594718562;0.423409915;0.440905043;0.618177199;0.130717726;0;0;0.703542152;0.424345197;0.163614778;0.042169949;0.285088726;1.869570335;0.028969304;0.577997535;0.26716599;0;0;0.143250905;1.414789313;0;0.139329978;0.111573538;0;0;0.104840896;0;2.196340291;0;0.354668382;0;0;0.087697554;0.049816227;0.190393902;0.158911648;0;0;0.045892763;0;0.023547989;0;0.579466024;0.095601532;0;0;0.954063446;0;0;0;1.772577801;0.368965316;0.17156781;0.067019315;0;0;0.038643468;0.078001422;0.055994043;0.089558523;0.396871906;1.153662586;0.010582982;0.048892191;0;0.52745001;0.133877048;0.081434046;0;0;0.047659331;0;0;0.387815147;0.267101444;0.238950469;0.574309679;0.048260436;0.130698714;5.726098204;0;0.470409188;3.865113622;0;0.110563423;0;0;0.347534458;0;0.117473416;0;0.140330047;0.342611044;0;0.102806463;0.027375719;0;0.402550581;0.163959242;0.077015337;0.035183876;0;0;0;0.128225063;0.125978214;0;0;0;0.055196335;0;0.184168019;0.278786245;0.296962922;0;0;0;0.127086796;0;0;0.177769888;0;0.042773628;0.119760229;0;0.188540576;0;0;0.025657331;0;0;0;0.065345249;0.402055222;0;0.223434092;0.05743085;0.214100524;0.181678379
chr7:112420996..112420999,-;0.187939205;0.872338524;0.087061876;0.081911312;0.160736117;1.120427816;0;0.123121058;1.416679762;0.231153882;1.755538514;0;0.587200879;0;2.379928422;0.543591258;0.828070296;0.844158762;1.46038076;1.88566875;0.45960754;0.840762844;2.009109852;3.656788279;3.652959521;3.358025319;2.055893619;6.68860148;1.385089926;0.957462335;0.20821079;1.006725934;0;1.023196326;1.647129805;0.476981249;0.248453009;0.091706014;1.21433561;0.162708038;0.36766308;1.24738604;0.061067248;0;0;0.39492088;0.35694374;0.590244606;0.292555824;1.151364484;0.854246055;0.532715461;0;0;0.701957734;0.340296549;0.550178037;0;3.060981959;0.87696598;0;0.214413646;0.954063446;0;0.208079373;1.639867989;3.27074157;0.983907508;0.17156781;0.204131716;0.092588445;0.346644928;0.154573873;1.316121867;0.271234537;1.066232788;1.081315943;0.36261324;0.123457912;0.110715314;0.283464911;1.139725426;0.265650958;0.081434046;0.918944359;0.149298363;0.261441977;0;0.801220621;0.775630295;0.133804123;0.381850707;0.813934535;0.962116314;1.357151551;1.450334882;0.381141936;0;0;0.081794328;1.93879144;0.563848145;0.373782022;0.347534458;0.114381141;0.449924121;0.201839288;0.77687571;0.342611044;0;0;0.389967565;0;1.388046626;0.31750923;0.115523006;0.105551629;0.096502405;0;0.149249836;0;2.067649369;0.26173541;0.099323968;3.792428547;1.336505389;0.189869941;2.027164011;0.835201625;2.081910914;0;3.732558626;0.322431648;1.111714592;0;0.106067749;1.86077813;0;0.470509911;0.282235889;0.823465439;1.283975842;0;0;0.076971992;0.070423901;0.03274968;0.23069886;1.509816989;1.132949181;0.126491058;0.064148075;0.28715425;0.856402096;0.908391896
chr7:112430427..112430466,-;15.09727536;15.70209343;5.944579401;2.391671629;9.743914932;28.45271793;12.5626405;4.615275977;14.4955118;4.731198319;10.2047876;7.91972233;11.74401757;0;19.78533984;5.9506244;11.45579618;7.611138287;6.373578661;17.33058043;8.239274934;9.390319286;15.84460601;14.64269356;10.93465649;18.33842987;15.88830491;17.20750499;17.58623862;15.18581928;12.09356246;13.09159606;3.741999996;4.631068493;15.48919319;15.75342197;8.920147456;5.47568224;15.43142705;5.379516331;8.534274563;14.70384587;6.240098738;1.731868939;1.017552788;8.426707913;11.15965169;11.18627002;10.03182785;14.11105529;14.4583201;10.01018945;1.750222115;8.054492841;18.13883695;10.88948958;11.98296561;8.864320482;13.35192003;14.69094803;5.455576686;7.451082202;17.77050138;3.612142811;4.785602875;13.15309133;8.930922333;20.04711548;8.749958325;7.779786926;15.09191656;5.338525925;10.23846879;17.69341624;13.07163505;9.559382573;13.55182587;25.22882318;13.25259187;11.9840071;9.615745977;13.58180797;8.821609652;11.41991423;13.27596726;6.084197121;16.3046746;6.021224884;19.76344199;10.85882412;9.657437973;13.57573635;13.98540185;14.164231;22.37816983;6.610458631;12.22412174;10.99699029;1.771741807;16.72931713;12.9126185;12.40465919;6.702483527;16.68165398;4.363565615;15.42314387;10.34094417;12.99748679;16.21595734;11.87344532;7.339284372;7.43869129;16.98916508;17.759755;11.08908793;6.431164883;6.613988869;5.006453097;1.341331154;4.011740961;8.481887298;21.51460205;5.927073498;6.457635098;6.492062469;10.50193061;8.404530735;15.34552539;15.33285781;13.52931491;6.498526459;23.63953796;10.59492185;17.21762828;8.466267151;4.808483461;17.97176837;3.769098419;11.99381164;4.710366145;17.08690786;11.13232152;6.050624191;7.929214299;12.56667542;6.687495775;10.73898205;9.81133095;16.56145712;12.06859152;4.210571701;5.974156178;6.847404058;14.77293615;21.074692
chr7:112579802..112579825,-;4.008971234;6.106369669;0;0.081911312;0.627835932;0.714278887;0.910327457;0.204000691;0.232286421;0.282759256;0;0.308808661;0.293600439;0;0.365540123;0.266514189;0;0;0;0.224293979;0.611413053;1.221365206;1.053997028;0.25120338;0.067669394;0.431479923;0.066760073;0.366314092;0.554028282;0.532557177;1.629330961;0.384279037;3.741999996;0;1.782092032;0.460826815;0.086785125;0;0;0;0;0;0.122134496;0;0;0.649535045;0.212203606;0.242511117;0.555648487;0.148394147;0.77282375;0.948611101;0;0.116679839;0.815073705;0.113432183;0.991878194;0.749549967;0.327303674;0.288862385;0.42582196;0.981948179;1.650615338;0;0;0.524539041;0.499387923;0.737930631;0;0.070093086;0.092588445;0;0.271982568;0.600394733;0.495210708;0.089558523;0.982924012;0.076586394;0.09412507;0.086269219;0.625182649;0.504105242;0.792359193;0;0;0.151602064;0.427565291;0.197987968;0.534147081;1.163445442;0.758065381;0;0.359437283;0.670537644;0;0.771603402;1.682540475;1.656000125;0.900449529;0.581964849;1.909615403;0;0.06145639;0.260650843;0.065267052;0.243759682;2.622572011;5.611012304;3.641119815;0;0.355123451;0.282587684;0;0.173957463;0.416477769;0.038507669;0.035183876;0.053978979;0;0;0.082003661;0.688464411;0.263368528;0.297971905;0;0.119864829;0.391545752;0.490450394;0.055094972;0.469005209;0.566001883;1.244186209;0.534110249;0.610772986;0.213969494;0.261649547;0.997537665;0.348233131;0.128320885;0.722754407;0.411732719;0.368170511;0.155370497;0;0.488528754;0.420261609;0.146052825;0.461397719;1.068188486;1.350885656;0.116644907;0.446868184;0.05743085;5.780714145;8.175527067
chr7:112579828..112579854,-;3.791447958;1.744677048;0.43530938;0.081911312;2.815940395;3.23753525;1.467276046;0.581687592;1.154647815;0.821404777;0.071391055;0.468829393;2.055203075;0;1.245897352;0.447806194;0.12846095;0;0.193499169;0.38242631;0;3.003238975;0.790612943;0.54686765;0.23650713;0.518119498;0.585311549;0.362602525;0.815840106;0.581403102;2.390523683;1.332728579;1.247333332;0.121431763;3.447105629;2.342087291;0.310045978;0.161371003;0.283851377;0.431260916;0.36766308;0.501283706;0.122134496;3.463737877;0;1.373729572;0.849813996;1.382299116;1.257228919;0.668128341;1.433757246;0.158911648;1.031603973;0.233359677;1.371277335;0.226864366;1.348450383;0.486089996;0.957709551;1.309733916;5.410453464;1.717860266;1.057491633;0;0.069359791;0;0.224973892;0.491953754;0.686271241;0.240715144;0.648119116;0.43042811;1.973345043;1.312821099;1.373866117;0.765701952;1.212242982;0.867739764;0.530747954;0.376909265;1.213711236;1.428459759;1.470407807;1.057009207;1.704919661;0.191796622;0.736666598;0.33364337;1.068294161;0.775630295;1.392748062;0.197818277;0.359437283;1.738987977;0.088662608;0.947638099;1.540030454;3.75026983;0.857988278;1.530331684;1.684156739;1.691544435;1.576384771;1.477021446;0.332668252;0.937443486;1.261099428;2.519785607;3.225177358;1.484180664;0.509333144;0.89786092;0;1.059397459;0.685521156;0.192538343;0.331817676;0.150481384;0.763653205;0.351650255;0.390809051;1.494664459;0.087789509;0.390069783;1.606839298;0.316572319;1.113427362;0.718531753;0.281004299;0.26738879;0.350559756;1.244186209;0.678505147;1.660640621;1.239724663;3.477017519;1.37445521;0.280838971;1.043690907;1.190488761;0.411732719;0.677024891;0.532064219;0.329938743;1.131001493;0.178911063;0.423104372;0.638778251;1.133533735;1.494583373;0.593070685;0.032074038;0.4594468;2.569206287;4.178602723
chr7:112579869..112579947,-;34.43253117;38.38289506;8.910928233;3.525296452;17.02655878;32.97335854;16.05820248;6.410116281;7.273662783;23.80025271;4.17520449;5.10249955;15.26722285;9.596285742;31.95600913;34.00489702;29.35646417;18.22661261;20.28615414;27.05140425;9.091035651;21.78387755;12.84849688;21.54164759;18.79594727;21.48419625;18.48823838;23.55038129;28.17620806;15.75660629;26.02919961;9.83101706;37.87255645;4.013094422;25.76671592;8.4008367;9.136814584;7.424772685;16.24594878;5.888190488;7.393877428;12.29316304;5.718649996;66.412648;4.702299028;15.15461611;9.4987065;4.973251077;7.018572054;8.472268152;17.97030424;7.612626035;4.538301071;9.393338644;16.95012399;6.919363173;20.35165138;5.856197104;19.22679542;19.76727828;8.862152368;12.29757821;25.50855497;10.61974896;3.321480275;8.358874546;12.97546586;8.240225382;8.921526136;7.978293483;10.55508275;5.380591767;11.62434195;27.83020818;17.74243389;8.399337638;16.85420389;14.74438088;6.337029544;7.420548906;12.35772814;17.63688961;12.40433146;4.781278546;8.536437351;6.119567185;11.4094637;7.736718303;11.21708869;19.52002908;18.16429922;15.06631118;11.10990358;16.61052219;7.384889086;26.10158022;15.14286427;13.60675927;73.11165091;15.19797209;15.32374514;4.510785159;10.82926933;9.209663134;7.95114;8.863992708;13.47013544;48.00572218;44.07451176;17.81016797;8.207460944;15.4873042;10.37842802;13.90358546;7.10325582;5.375119217;5.770158386;6.080210673;2.773904057;3.09624899;5.64433587;12.15325749;9.51089027;14.14144697;21.53236611;8.009282195;8.225966666;11.50822985;14.45802382;8.94266429;11.05847378;7.465117252;13.0936297;11.01700631;4.786857455;12.01008874;10.61067568;8.196675295;11.14686504;17.04102357;4.734926274;8.606744619;10.07901678;12.79861682;6.628152472;6.985326448;10.52459682;9.012597716;15.39109628;13.97712435;5.194725047;5.611747142;6.955208892;35.75478749;43.7844894
chr7:112614228..112614232,+;1.714873107;0;0;0;0;0;0;0;0;0;0;0;0;0;0;0;0;0;0;0;0;0;0;0;0;0;0;0;0;0;0;0;0;0;0;0;0;0;0;0;0;0;0;0;0;0;0;0;0;0;0;0;0;0;0;0;0.021652668;0;0;0;0;0;0;0;0;0;0;0;0;0;0;0;0;0;0;0;0;0;0;0;0;0;0;0;0;0;0;0;0;0;0;0;0;0;0;0;0;0;0;0;0;0;0;0;0;0;0;0.124053904;1.193983581;0;0;0;0;0;0;0;0;0;0;0;0;0;0;0;0;0;0;0;0;0;0;0;0;0;0;0;0.059957486;0;0;0;0;0;0;0;0;0;0;0;0;0;0;0;0;2.569206287;4.541959482
chr7:112635675..112635720,-;0.427547264;0;0;0;1.935504154;0.852080578;0.123766353;0.254565843;0.045624808;0;0;0;0;0;0;0;0;0;0;0;0;0;0;0;0;0;0;0;0;0;0.380066222;0.105421405;0;0;0;0;0;0;0.223147075;0;0;0;0;0;0;0.34354063;0.068354909;0;0;0.326408893;2.051246663;0.079455824;0.239539381;1.447546794;1.304235028;0;1.209938533;0;0;1.450004591;0;1.963896358;1.418431374;0;0;0;0;0;0;0.036583428;0;0;0;0;2.635522069;0.208969886;0;0;0;0;0.049751601;1.410361263;0.447938065;0;0.132969058;0.7198251;0.047659331;0.135655401;1.335367702;0.387815147;0.491470738;0;0.239624855;1.6211602;0;0;0;0;0;0.081794328;0.556227737;0;0.336742658;0.521301687;0;0;0.201839288;0.388437855;0.40594418;0;0.059187242;0.082127156;0;0.13367098;0;0;0;0;0;0;0.064112531;0;0.087789509;0.099323968;0;0.064668494;0.089032036;0.161974401;0;0.573792506;0.712620328;0;0.513773325;0.928848852;0.511795583;0;0.119914972;0.663156058;0.042773628;0.628937485;0;0;0.051790166;0.65959721;0.025657331;0.86667596;0.095607568;0.23069886;0.26640496;0.298267397;0;0.032074038;0;0.856402096;0.181678379
chr7:1126437..1126458,+;0.234924007;0;1.524625375;0.081911312;0;0;0.247532706;0.06800023;0.045624808;0;0;0.085241708;0;0;0;0.057246523;0;0;0;0.667304003;0;0;0;0;0;0;0;0;0;0.659843007;0.59379394;0.269399334;0;0.245026577;0.247334299;0;0.566593025;0.209498134;0;0.722478529;0;0;0.572122706;0;0;0.887938306;0.448715832;0.489339654;0;0.599739352;0.434954288;0.397279121;0.303387121;0;0.168249395;0.113432183;0.605386142;0.207302167;0;0.621342632;0;0;0;0;0.490029038;0;0.112486946;0.122988439;0.343135621;0.070093086;0.462942226;0;0.907168151;0.403721447;0.159246451;0;0.009316406;0;0.144623877;0.363978332;2.449021238;3.367240471;2.583300897;0;0.132969058;0.259511075;0;0;0.801220621;1.680532305;1.461423927;0.054521798;0;0.185244651;0;0.06567692;0.254094624;0;0;0;0.213741378;0;2.276368876;0.173767229;0.153020058;0.224962061;0;0.372161712;0.341421282;0;2.081586933;0.872946717;0;0;0.081979621;0.154030674;0.331817676;0.042523426;0.438176362;0.149249836;0.612135979;0.069072055;0.175579018;0;4.595848196;0.547736205;2.014902904;0.056817752;0.088814232;0.498974289;1.084120366;0;0.445981127;0.316379425;0.255897791;2.057761632;0;0.202182482;0;1.96348181;0.20586636;0.138135085;2.231837209;2.752144126;0.51413701;0.485430058;0.256714497;0.816158783;0.376169924;0.988740327;0;0.36296995;0;0.642301572;0.181678379
chr7:1126745..1126763,+;0.618835045;0;1.526665138;1.289029603;0.072813791;0;0.351348217;0.082080705;0.041847547;0.103210749;0;0.223566953;0;0;0;0.114084717;0.278637843;0.351477388;0.132611118;0;0;0;0;0.022943548;0.018568409;0;0.057271241;0.027406317;0.013688647;0.231483572;0.289528907;0.26074609;0;0;0.03323949;0;0.426874518;0.742241442;0.08613892;0.50684807;0.18383154;0.351597457;0.316421887;0;0;0.276698086;0.298747214;0.100904952;0.526185325;0.667699423;0.320537188;0.532715461;0;0;0.479022723;0.226864366;0.632536265;0.069100722;0.252162351;0;0;0;0;0;0.137191337;0.655218144;0.386900977;0.122988439;0.343135621;0;0.18517689;0;0.23186081;0.127545142;0.047258366;0.127794226;0.009783159;0.979066767;1.316581521;0.220074079;1.930869439;4.991033765;1.826621571;1.788282229;0;0.434111516;0.226036321;0.341465486;0.26707354;0.90490201;1.840979847;0;0;0.469631605;0;0;0.777746581;0.055838755;0;0.040897164;0.073892601;1.12769629;0.98327598;0;1.275225928;0.107488645;0;0.404713998;0.887882413;0;0.676148848;0.549568307;0;0;0.104405194;0.264107475;0;0.326856886;0.090315479;0.149249836;0.974803733;0.056906159;0.086156391;0;0;0.515330985;1.210054864;0.273447942;0;0.665314674;0.909163293;0;0.433184694;0.274463014;0.127948896;0.473785045;0.099228287;0.544784449;0.530407367;0.745777213;0.411732719;0.806249335;0.480274054;0.622239333;0.437165018;0.389607228;0.03274968;0.461397719;0.48756052;0.278056882;0.359780871;0.255508129;0;0.428201048;0.181678379
chrX:99891832..99891852,-;0.767822077;0;1.15409113;0;1.832473292;2.154476791;2.044175476;0.309686671;0.860857304;0;0.167242473;1.001205008;0;0;0;0;0;0;0;0;0;0;0.098884204;0.028597471;0.036922316;0;0;0.024714427;0.065176884;2.867177191;0.740939667;1.240952029;0;0.247189629;0;0;3.211408302;2.452205733;9.282739554;5.594801123;3.349583545;4.439770434;4.630525179;0;0.145364684;0.85217818;0.82504256;2.100081206;1.432624028;0.589677487;0.648793429;0.158911648;0.239539381;0.116679839;0.695728333;0.794025282;1.203389023;0.450347166;0;0.480065449;0;0.950325733;2.708106971;5.221424513;0.480933802;0.947055824;0;1.844826578;0.686271241;0.070093086;0.462942226;0.251349545;1.217794187;0;0.271234537;0.314230729;0.312573315;5.432034938;2.033600497;0.890336487;0.411120948;1.559974701;0.744156759;0.829821607;0.265938117;0.971402048;0.428933981;0.745263538;1.602441242;1.680532305;1.026180427;0;0.239624855;0.568773908;0.912069554;0;0.381141936;0.558387551;0;3.34625836;0.358548761;0;0.336742658;1.042603374;0.795870608;1.221142255;1.160302663;0.77687571;1.398683016;1.484180664;0.73533609;0.744967682;0;0.880917777;0.542844479;0.308061348;0.492574268;1.334404366;1.450391964;0.074624918;1.042224904;0.284530795;1.635186255;0.290745814;0.803419649;0.691445839;0.99083292;0.838958042;0.20797256;2.30468438;0.678835863;0;0.679013642;1.46527998;0.127948896;0.636406496;0.726152864;0.477390288;1.069340708;0.196805028;0;1.046830575;1.779918077;0.329938743;0.321211832;0.333822812;0.586852773;0.762840456;1.299391971;3.230159511;0.126491058;0.255508129;0.704328778;0.642301572;0.908391896
chrX:99891861..99891872,-;0.140954404;0.872338524;0;0.081911312;0.072813791;0.303762028;0.247532706;0;0.262802182;0;0.089239654;0.085241708;0;0;0;0;0;0;0;0;0;0;0.131692042;0;0;0;0;0;0;0.654513884;0.486399942;0.290024352;0;0.123594814;0;0;0.322642056;0.995318459;2.152028661;0.646891375;0.772734054;0.993321287;1.010679089;0;0;0.090279607;0.094598987;0.292963593;0;0.195853221;0.096447642;0;0.239539381;0;0.135249356;0.113432183;0.309859946;0;0;0;0;0;0.360939741;0;0.069359791;0.327609072;0;0.122988439;0.686271241;0;0;0;0.038643468;0;0.159246451;0;0.08154851;1.705420317;0.397844503;0.549447702;0.127656038;0.083855967;0.151646175;0.081434046;0.653006243;0.106800103;0.213782645;0.135655401;0;0.387815147;0.602371953;0;0.239624855;0.119373975;0.088662608;0;0.127047312;0.11167751;0;0.213113166;0;0;0;0.347534458;0.114381141;0.507488908;0.554784798;0.124053904;0.395322372;0;0.380212639;0.027375719;0;0.147408456;0.245938863;0.038507669;0.175919381;0.905429829;0.686738759;0.074624918;0.635031821;0;0.087789509;0;0;0.330445926;0.320385192;0.268313665;0.055094972;0.221256734;0.287093298;0;0.144394898;0.417108786;0.255897791;0.212135499;0.091512343;0;0.213868142;0.119760229;0;0.177994762;0.051790166;0.847227423;0.218631584;0.050727594;0.208910713;0;0.201059711;0.442476251;0;0.064148075;0.05743085;0.214100524;0.181678379
chrX:99899180..99899210,+;87.38619428;86.36151389;134.5558887;39.01998342;48.39299938;15.26541199;87.54185301;11.82114435;13.87717975;0;13.74459166;86.3667951;0;0;0.074638491;0.119794796;0;0;0.066305559;0;0;0;0.263384085;0;0;0;0;0;0;75.92323667;35.65529398;7.329391349;0;13.01290042;0.176490395;0;66.1407573;94.8346626;24.49590514;37.46205541;143.4463978;36.9498704;77.06779644;0;42.69161497;30.50734244;59.75458166;108.6434489;27.14807339;37.47652035;19.81771253;25.91735105;173.6790111;104.5918849;21.22517303;37.99978136;25.15130826;40.69112626;0;20.29880159;0;34.04430851;67.90105932;65.73327835;63.24034019;2.166229658;0;3.197699402;32.42631615;0.987752569;6.666368051;26.23478864;25.10198844;1.382680694;13.88489451;1.611478395;0.143216839;87.08140217;17.77275493;35.07109297;81.82037999;170.0730734;69.4050129;54.06701786;54.63482343;69.38476823;105.8987278;35.83750861;52.88056099;81.05336578;22.17969076;0;8.601742338;52.41686521;6.800314102;0;14.51097336;3.969114828;0;104.0542189;6.936301915;24.80931837;18.37605234;33.18954073;65.24199474;77.17867496;18.20532951;12.13923037;24.46391906;38.58869728;41.31351804;56.37762887;0;11.93724843;27.86241152;6.007964763;3.548127987;21.24516244;5.950199402;8.683027101;4.682902366;1.295151756;23.55206558;22.35474917;26.8022234;37.06273273;29.53340724;60.53495039;22.62269008;40.48597036;47.41491336;38.56977247;81.99715282;86.076184;50.31989183;32.80688021;73.37474805;47.66618391;37.34617962;69.95384246;19.14557146;34.79947993;32.57002293;34.12859705;63.26550641;47.91699572;47.47886586;25.00923401;17.59761316;31.6529661;22.73938437;17.59907422;46.36066553;37.25349116;49.9615543
chrX:99899256..99899263,+;2.044444341;1.744677048;3.413700815;0.163822624;0.233549907;0.181968396;2.828705928;0.041040353;0.65831641;0;0;1.111035532;0;0;0;0;0;0;0;0;0;0;0;0;0;0;0;0;0;4.503196755;0.854910872;0.163977929;0;0.123594814;0;0;0.982479944;1.273475246;0.434889966;0.334778054;1.804115436;0.613041818;0.244268992;0;0;1.46520449;1.077388513;0.79205451;1.637482298;0.534269453;0.448495169;0.158911648;1.271143353;0;0.46895809;0.794025282;1.068521135;0.486089996;0;0.506560538;0;1.196361825;2.165638445;0;1.040322631;0;0;0;1.372542482;0.036583428;0;0.359952314;0.586550708;0.432179148;0.374486945;0;0;2.247945524;0.392839755;0.244460953;1.193075447;3.70859487;1.74043138;0.585519468;1.317851534;0.794706384;1.247290217;1.415718429;1.068294161;4.395238336;0.167128453;0;0.119812428;4.204101268;0.291431298;0;0.635236561;0.324323761;0;1.846524004;0.118499848;0.563848145;1.170180117;1.998323133;0.744805142;1.532451495;0;0.933481901;2.407143123;0;1.838278809;1.281051921;0;0.13367098;0.943012282;0;0.035183876;0.820382976;0;0;0.128225063;0;0.349524919;1.231551875;0;0.771692599;1.163156727;2.141273409;0.44966438;1.721404983;0.650497235;1.244186209;2.837141148;1.993916586;0.897806273;0.424270997;2.526976759;1.241250711;1.184836692;2.210115801;0.411732719;1.553136172;0.258950829;1.323596737;1.800023808;1.773696977;2.09414136;0.470110494;1.265849865;1.812550148;0.466579627;0.064148075;0.751293076;1.070502619;2.54349731
chrX:99899397..99899408,+;2.026241473;0;2.680756268;0;0.072813791;0.178569722;1.509208381;0;0.041847547;0;0.043029417;0.351429515;0;0;0;0;0;0;0;0;0;0;0;0;0;0;0;0;0;1.579197071;0.427455436;0;0;0;0;0;0.264749251;0.278659955;0;0.268552878;0;0.059533152;0;0;0;0.74763159;0.378305088;0.87889078;4.531501584;1.144095345;0.729350252;0.929994582;0.303387121;2.864437458;0.278812153;0;0.615422639;1.967159897;0;0.155335658;0;0.428827292;1.443758963;0;1.522784678;0.590789907;0;0;0;0.036583428;0;0.769543801;0.156544926;0;0.103252408;0.029852841;0;3.15742705;0.167084176;0.099200152;3.044103895;2.768764993;0.69550066;0.827634288;0.918944359;0.361789661;4.790369279;1.423540545;0.26707354;1.292717158;0.066648661;0;0.239624855;1.062804816;0;0;0.127047312;0;0;0.475750843;0.193199925;0.563848145;0.275286268;2.954042892;0.882088005;0.312481162;0.100796764;0.248107808;0.619226312;0;2.199387698;1.568631698;0;0;0.597425929;0;0;0.042523426;0;0;0;0;0.260102292;0.514658654;0.803419649;1.093287205;1.979810637;1.910657826;0.119158328;2.564235493;0.511974891;2.488372417;0.934923103;0.921084398;0.469867285;0.212135499;1.437926751;0.067394161;0.829822766;0.196805028;0;1.237741098;0.80517761;0.404934773;0.707209414;0.154911749;0.501016363;0.638778251;0.206083673;1.390795548;1.235372126;0.032074038;0;1.070502619;0.726713517
chrX:99916957..99916958,+;4.382587519;2.617015572;1.94781172;0.232600389;0.758354978;0.261549891;0.517046905;0.286081397;1.194867442;0;0.053544126;2.115133869;0;0;0;0.012752591;0;0.069886215;0;0.049648965;0;0;0;0.010029773;0.045133977;0;0;0;0;4.601098128;1.052842185;0.467927267;0;0.123594814;0.043532434;0;0.798513465;2.774947739;2.51179669;1.316447484;5.521362061;3.307396199;1.171363358;0;0.290729368;0.698799792;3.320109854;1.241809373;0.906438703;2.542949291;1.341890308;0.079455824;0.303387121;0;1.353898031;0.567160916;1.301945685;0.936437162;0;1.259372107;0;0.521498441;2.475923007;0.246051818;0.898620793;0.590789907;0;0.122988439;0.686271241;0.036583428;0;0.3847719;0.156052163;0.238075179;0.348279914;0.029852841;0.077776817;7.214140646;0.566802194;1.327712326;1.527276139;5.60066432;2.397182195;0.748387561;3.820585545;0.431807815;1.736137205;0.197987968;0.534147081;4.395238336;1.06941938;0.064953436;0.933746962;3.073139791;0;0;0.904793894;0.055838755;0;0.76427056;0.751526603;0;0;1.650788675;1.026823696;2.610853705;0.100796764;0.652821806;1.906057682;0;1.149585367;1.653713034;0;0.65554337;1.495186499;0;0;0.363098516;0;0.159583676;0.472342624;0.056906159;0.434048192;0.489393751;1.606839298;2.981056614;1.12134817;4.443945692;0.192190067;3.723858907;1.014510316;3.732558626;1.368869313;5.961430268;1.025755169;0.318203248;3.899687975;0.140419485;2.014659458;1.318635053;0.617599079;1.340021626;0.675717094;0.73459324;0.616815408;0.357246589;0.483320786;2.369019699;1.36650992;3.274849203;0.476425778;0.287582167;1.347222544;1.284603143;1.816783793
chrX:99923320..99923325,-;0;0;0;0;0.072813791;0.15916299;0;0;0.220569518;0;1.303653333;0.812689554;0.587200879;0;0;0.007941189;0;0;0;0;0.438519753;0;0.592844535;0;0;0;0;0;0;0.129236886;0;0.029278262;0;0;0;0;0;0.139833145;0.290866594;0;0.18383154;0.463746545;0;0;0;0.118222794;0.022451779;0.100904952;0.087697554;0.069388643;0.060842999;0;0;0;0;0;0.043580213;0.173944276;0;0;0;0;0;0;0;0.619446752;0;0;0;0;0;0;0.115930405;0;0;0;0.182724569;0;0.010582982;0;0;0;0.036963787;0;0;0;0.166123314;0;0;0.129271716;0.233777114;0;0;0.116752543;0;0;0.127047312;0.481131256;0;0;0.120703673;0;0.06145639;0.173767229;0;0;0;0;0;0;0.051403231;0.027375719;0;0;0.043708138;0.038507669;0;0.107957958;0;0;0;0;0;0;0;0;0;0.028408876;0;0.206697386;0;0;0;0.12405279;0;0;0.099228287;0;0;0;0.411732719;0;0;0;0;0;0;0.177380532;0.070369212;0;0;0;0;0.214100524;0.363356759
chrX:99987088..99987141,-;4.61416295;5.234031145;2.158385011;0.327645249;1.197966608;8.272036323;2.33770182;0.613203146;3.633395522;0.393364277;0.267969086;2.66920497;2.936004393;0;0.149276983;0.058093293;0;0;0;0.151548151;7.842930755;2.342382332;2.141262583;0;0;0;0;0;0;1.474127031;2.733928649;1.335486846;22.90455646;0.370784443;0.263555263;0.079496875;4.654829738;4.059028986;6.864097;4.673647066;4.966659512;17.08052709;4.264814053;0;0;1.253562857;3.788316518;4.417157419;1.198994527;2.1363157;2.560016644;1.107522749;0.479078761;0.700079032;3.040202673;2.835804579;1.309341248;2.172077125;0.126081175;0.941386264;2.129109801;0.521498441;1.18624741;3.666146216;3.553788866;5.057596271;0;0.737930631;1.544110293;0.137112401;0.555530671;1.651236644;2.243849322;0.312005687;0.828708156;0.119411364;2.265793652;5.854262122;2.966327783;4.605130416;1.640850458;1.898991144;1.610179019;1.107100195;1.184882476;1.658066287;2.008464168;1.761837879;2.403661863;2.585434315;3.378460256;0;0.933746962;3.127718325;0.042036105;0;0.508189248;1.209290084;3.295525678;1.800134345;0.852866569;1.691544435;0.703372979;1.650788675;2.125663204;4.198526144;0.807602912;1.057535805;1.559877351;0;1.33184626;2.226887714;0;0.128222816;1.200503407;2.970920918;0.909337264;4.739341491;0.180630958;1.639328228;0.894588286;0.677426583;1.302144576;0.433373497;4.306473221;2.358152825;0.739753086;2.29348471;0.250660204;1.60445702;1.491445989;2.488372417;1.794609836;3.336481342;0.383846687;0.947570091;2.512949857;1.702224288;2.545066825;1.632279809;3.293861756;1.049935295;5.017295613;1.836763376;2.479644176;1.851483699;3.077435061;3.79677673;0.5563041;2.141388885;1.361863184;0.192444225;0.804719764;2.141005239;3.996924344
